-- phpMyAdmin SQL Dump
-- version 4.7.0
-- https://www.phpmyadmin.net/
--
-- Host: 127.0.0.1
-- Generation Time: Aug 31, 2018 at 09:52 PM
-- Server version: 10.1.25-MariaDB
-- PHP Version: 5.6.31

SET SQL_MODE = "NO_AUTO_VALUE_ON_ZERO";
SET AUTOCOMMIT = 0;
START TRANSACTION;
SET time_zone = "+00:00";


/*!40101 SET @OLD_CHARACTER_SET_CLIENT=@@CHARACTER_SET_CLIENT */;
/*!40101 SET @OLD_CHARACTER_SET_RESULTS=@@CHARACTER_SET_RESULTS */;
/*!40101 SET @OLD_COLLATION_CONNECTION=@@COLLATION_CONNECTION */;
/*!40101 SET NAMES utf8mb4 */;

--
-- Database: `escortfame`
--

-- --------------------------------------------------------

--
-- Table structure for table `admin`
--

CREATE TABLE `admin` (
  `id` int(11) NOT NULL,
  `username` varchar(255) NOT NULL,
  `password` varchar(255) NOT NULL,
  `email` varchar(255) NOT NULL,
  `contact` varchar(255) NOT NULL
) ENGINE=InnoDB DEFAULT CHARSET=latin1;

--
-- Dumping data for table `admin`
--

INSERT INTO `admin` (`id`, `username`, `password`, `email`, `contact`) VALUES
(1, 'Jay Rathod', 'admin', 'admin@admin.com', '9967313968');

-- --------------------------------------------------------

--
-- Table structure for table `banner`
--

CREATE TABLE `banner` (
  `id` int(11) NOT NULL,
  `banner_image` varchar(255) NOT NULL,
  `webiste_url` text NOT NULL,
  `months` int(11) NOT NULL,
  `activation_date` datetime NOT NULL,
  `expiry_date` datetime NOT NULL,
  `created_date` datetime NOT NULL,
  `created_by` int(11) NOT NULL,
  `updated_date` datetime NOT NULL,
  `updated_by` int(11) NOT NULL,
  `status` tinyint(1) NOT NULL
) ENGINE=InnoDB DEFAULT CHARSET=latin1;

--
-- Dumping data for table `banner`
--

INSERT INTO `banner` (`id`, `banner_image`, `webiste_url`, `months`, `activation_date`, `expiry_date`, `created_date`, `created_by`, `updated_date`, `updated_by`, `status`) VALUES
(1, '94de8585b3c13428e593d55523c89107.jpg', 'http://roshanipatel.com/', 6, '2018-08-08 14:43:42', '2019-02-08 14:43:42', '2018-08-08 14:43:42', 1, '0000-00-00 00:00:00', 0, 1),
(2, '00025ad9c0c4d39a72b2475986b2f085.jpg', 'http://www.komalshrma.com/', 6, '2018-08-08 14:44:04', '2019-02-08 14:44:04', '2018-08-08 14:44:04', 1, '0000-00-00 00:00:00', 0, 1),
(3, 'cf63f7c61613728a059996c204280827.jpg', 'http://afiyakhan.com/', 12, '2018-08-08 14:44:44', '2019-08-08 14:44:44', '2018-08-08 14:44:44', 1, '0000-00-00 00:00:00', 0, 1),
(4, 'e4a24bd298f8c05944d9c35c09332d73.jpg', 'http://www.nagamasexy.com/', 1, '2018-08-08 14:45:10', '2018-09-08 14:45:10', '2018-08-08 14:45:10', 1, '0000-00-00 00:00:00', 0, 1),
(5, '611dce1d45d6ff144e8ed3d8faf8ee25.jpg', 'http://www.rinkipatel.com/', 6, '2018-08-08 14:45:42', '2019-02-08 14:45:42', '2018-08-08 14:45:42', 1, '0000-00-00 00:00:00', 0, 1),
(6, '92495a7d4429084d0d8edd2257ee4c67.jpg', 'http://soniyapanday.com/', 12, '2018-08-08 14:46:38', '2019-08-08 14:46:38', '2018-08-08 14:46:38', 1, '0000-00-00 00:00:00', 0, 1),
(7, '24617733e64cfad96dcd1d90be9199ea.jpg', 'http://www.hasimamodel.com/', 6, '2018-08-08 14:47:07', '2019-02-08 14:47:07', '2018-08-08 14:47:07', 1, '0000-00-00 00:00:00', 0, 1),
(8, 'af9de7d9725b4b20fdb29334d6ff7ae3.gif', 'http://lovelondonescorts.com/', 12, '2018-08-08 14:47:52', '2019-08-08 14:47:52', '2018-08-08 14:47:52', 1, '0000-00-00 00:00:00', 0, 1),
(9, 'e5ef8adb0ed048ae05285c98513e5a9b.gif', 'http://www.karishmasharma.com/', 1, '2018-08-08 14:48:29', '2018-09-08 14:48:29', '2018-08-08 14:48:29', 1, '0000-00-00 00:00:00', 0, 1);

-- --------------------------------------------------------

--
-- Table structure for table `banner_offers`
--

CREATE TABLE `banner_offers` (
  `id` int(11) NOT NULL,
  `offer_descriptiion` text NOT NULL,
  `month` int(11) NOT NULL,
  `amount` int(11) NOT NULL
) ENGINE=InnoDB DEFAULT CHARSET=latin1;

--
-- Dumping data for table `banner_offers`
--

INSERT INTO `banner_offers` (`id`, `offer_descriptiion`, `month`, `amount`) VALUES
(1, 'validate for 1 month for Rs 1000 only', 1, 1000),
(2, 'validate for 6 month for Rs 6000 only', 6, 6000),
(3, 'validate for 12 month for Rs 12000 only', 12, 12000);

-- --------------------------------------------------------

--
-- Table structure for table `cities`
--

CREATE TABLE `cities` (
  `city_id` int(11) DEFAULT NULL,
  `city_name` varchar(50) DEFAULT NULL,
  `state_id` int(11) DEFAULT NULL,
  `status` int(1) DEFAULT NULL,
  `country_id` int(5) DEFAULT NULL,
  `country_name` varchar(50) DEFAULT NULL
) ENGINE=MyISAM DEFAULT CHARSET=utf8;

--
-- Dumping data for table `cities`
--

INSERT INTO `cities` (`city_id`, `city_name`, `state_id`, `status`, `country_id`, `country_name`) VALUES
(54, 'Chittoor', 2, 1, 101, 'India'),
(90, 'Hyderabad', 2, 1, 101, 'India'),
(133, 'Kurnool', 2, 1, 101, 'India'),
(176, 'Nellore', 2, 1, 101, 'India'),
(190, 'Panjim', 2, 1, 101, 'India'),
(243, 'Sirpur', 2, 1, 101, 'India'),
(266, 'Tirupati', 2, 1, 101, 'India'),
(285, 'Vijayawada', 2, 1, 101, 'India'),
(287, 'Visakhapatnam', 2, 1, 101, 'India'),
(371, 'Guwahati', 4, 1, 101, 'India'),
(453, 'Aurangabad', 5, 1, 101, 'India'),
(465, 'Bariapur', 5, 1, 101, 'India'),
(500, 'Gazipur', 5, 1, 101, 'India'),
(510, 'Islampur', 5, 1, 101, 'India'),
(553, 'Muzaffarpur', 5, 1, 101, 'India'),
(563, 'Patna', 5, 1, 101, 'India'),
(579, 'Shahpur', 5, 1, 101, 'India'),
(606, 'Banarsi', 7, 1, 101, 'India'),
(706, 'Delhi', 10, 1, 101, 'India'),
(707, 'New Delhi', 10, 1, 101, 'India'),
(733, 'Goa', 11, 1, 101, 'India'),
(742, 'Margao', 11, 1, 101, 'India'),
(749, 'Panaji', 11, 1, 101, 'India'),
(756, 'Ponda', 11, 1, 101, 'India'),
(783, 'Ahmedabad', 12, 1, 101, 'India'),
(790, 'Amroli', 12, 1, 101, 'India'),
(795, 'Ankleshwar', 12, 1, 101, 'India'),
(796, 'Anklesvar INA', 12, 1, 101, 'India'),
(824, 'Bhuj', 12, 1, 101, 'India'),
(872, 'Dhoraji', 12, 1, 101, 'India'),
(882, 'Dwarka', 12, 1, 101, 'India'),
(888, 'Gandhinagar', 12, 1, 101, 'India'),
(905, 'Jamnagar', 12, 1, 101, 'India'),
(912, 'Junagadh', 12, 1, 101, 'India'),
(931, 'Keshod', 12, 1, 101, 'India'),
(934, 'Khambhat', 12, 1, 101, 'India'),
(974, 'Morbi', 12, 1, 101, 'India'),
(986, 'Navsari', 12, 1, 101, 'India'),
(993, 'Palanpur', 12, 1, 101, 'India'),
(1007, 'Porbandar', 12, 1, 101, 'India'),
(1011, 'Rajkot', 12, 1, 101, 'India'),
(1041, 'Surat', 12, 1, 101, 'India'),
(1075, 'Vapi', 12, 1, 101, 'India'),
(1122, 'Firozpur Jhirka', 13, 1, 101, 'India'),
(1126, 'Gurgaon', 13, 1, 101, 'India'),
(1168, 'Panipat', 13, 1, 101, 'India'),
(1236, 'Kulu', 14, 1, 101, 'India'),
(1237, 'Manali', 14, 1, 101, 'India'),
(1248, 'Palampur', 14, 1, 101, 'India'),
(1262, 'Shimla', 14, 1, 101, 'India'),
(1303, 'Jammu', 15, 1, 101, 'India'),
(1305, 'Jammu Tawi', 15, 1, 101, 'India'),
(1327, 'Pattan', 15, 1, 101, 'India'),
(1425, 'Jamshedpur', 16, 1, 101, 'India'),
(1492, 'Ranchi', 16, 1, 101, 'India'),
(1554, 'Belluru', 17, 1, 101, 'India'),
(1558, 'Bangalore', 17, 1, 101, 'India'),
(1725, 'Mangalore', 17, 1, 101, 'India'),
(1750, 'Mysore', 17, 1, 101, 'India'),
(1930, 'Kochi', 19, 1, 101, 'India'),
(2109, 'Balaghat', 21, 1, 101, 'India'),
(2145, 'Bhopal', 21, 1, 101, 'India'),
(2229, 'Indore', 21, 1, 101, 'India'),
(2232, 'Jabalpur', 21, 1, 101, 'India'),
(2499, 'Aurangabad', 22, 1, 101, 'India'),
(2529, 'Buldhana', 22, 1, 101, 'India'),
(2674, 'Mahabaleshwar', 22, 1, 101, 'India'),
(2707, 'Mumbai', 22, 1, 101, 'India'),
(2715, 'Nagpur', 22, 1, 101, 'India'),
(2724, 'Nashik', 22, 1, 101, 'India'),
(2726, 'Navi Mumbai', 22, 1, 101, 'India'),
(2763, 'Pune', 22, 1, 101, 'India'),
(2995, 'Bhubaneswar', 29, 1, 101, 'India'),
(3124, 'Pondicherry', 31, 1, 101, 'India'),
(3197, 'Hariana', 32, 1, 101, 'India'),
(3203, 'Jalandhar', 32, 1, 101, 'India'),
(3378, 'Jaipur', 33, 1, 101, 'India'),
(3532, 'Udaipur', 33, 1, 101, 'India'),
(3540, 'Gangtok', 34, 1, 101, 'India'),
(3659, 'Chennai', 35, 1, 101, 'India'),
(3683, 'Coimbatore', 35, 1, 101, 'India'),
(3925, 'Manali', 35, 1, 101, 'India'),
(4318, 'Tirukkattuppalli', 35, 1, 101, 'India'),
(4460, 'Hyderabad', 36, 1, 101, 'India'),
(4536, 'Agra', 38, 1, 101, 'India'),
(4546, 'Allahabad', 38, 1, 101, 'India'),
(4861, 'Kanpur', 38, 1, 101, 'India'),
(4933, 'Lucknow', 38, 1, 101, 'India'),
(5022, 'Noida', 38, 1, 101, 'India'),
(5211, 'Varanasi', 38, 1, 101, 'India'),
(5304, 'Srinagar', 39, 1, 101, 'India'),
(5335, 'Aurangabad', 41, 1, 101, 'India'),
(5443, 'Darjiling', 41, 1, 101, 'India'),
(5583, 'Kolkata', 41, 1, 101, 'India'),
(5708, 'Simla', 41, 1, 101, 'India'),
(6486, 'Resistencia', 210, 1, 12, 'Argentina'),
(6488, 'Puerto Madryn', 211, 1, 14, 'Argentina'),
(6490, 'Trelew', 211, 1, 16, 'Argentina'),
(6493, 'Cordoba', 212, 1, 19, 'Argentina'),
(6494, 'Rio Cuarto', 212, 1, 20, 'Argentina'),
(6495, 'Rio Tercero', 212, 1, 21, 'Argentina'),
(6496, 'San Francisco', 212, 1, 22, 'Argentina'),
(6497, 'Villa Carlos Paz', 212, 1, 23, 'Argentina'),
(6498, 'Villa Maria', 212, 1, 24, 'Argentina'),
(6501, 'Mercedes', 213, 1, 27, 'Argentina'),
(6502, 'San Lorenzo', 213, 1, 28, 'Argentina'),
(6503, 'Formosa', 216, 1, 29, 'Argentina'),
(6508, 'Lujan', 220, 1, 34, 'Argentina'),
(6509, 'Mendoza', 220, 1, 35, 'Argentina'),
(6513, 'Eldorado', 221, 1, 39, 'Argentina'),
(6515, 'Posadas', 221, 1, 41, 'Argentina'),
(6517, 'Neuquen', 222, 1, 43, 'Argentina'),
(6518, 'Salta', 224, 1, 44, 'Argentina'),
(6519, 'San Ramon de la Nueva Oran', 224, 1, 45, 'Argentina'),
(6843, 'Maria Rain', 281, 1, 14, 'Austria'),
(6847, 'Bad Sankt Leonhard', 282, 1, 14, 'Austria'),
(6868, 'Villach', 282, 1, 14, 'Austria'),
(6871, 'Wolfsberg', 282, 1, 14, 'Austria'),
(6874, 'Baden', 285, 1, 14, 'Austria'),
(6887, 'Gmund', 285, 1, 14, 'Austria'),
(6899, 'Klosterneuburg', 285, 1, 14, 'Austria'),
(6902, 'Krems', 285, 1, 14, 'Austria'),
(6911, 'Melk', 285, 1, 14, 'Austria'),
(6913, 'Modling', 285, 1, 14, 'Austria'),
(6927, 'Sankt Andra-Wordern', 285, 1, 14, 'Austria'),
(6929, 'Sankt Polten', 285, 1, 14, 'Austria'),
(6936, 'Stockerau', 285, 1, 14, 'Austria'),
(6941, 'Tulln', 285, 1, 14, 'Austria'),
(6944, 'Wiener Neudorf', 285, 1, 14, 'Austria'),
(6945, 'Wiener Neustadt', 285, 1, 14, 'Austria'),
(6952, 'Zwettl', 285, 1, 14, 'Austria'),
(6963, 'Bad Ischl', 286, 1, 14, 'Austria'),
(6964, 'Braunau', 286, 1, 14, 'Austria'),
(6985, 'Leonding', 286, 1, 14, 'Austria'),
(6990, 'Mauthausen', 286, 1, 14, 'Austria'),
(7010, 'Schwertberg', 286, 1, 14, 'Austria'),
(7014, 'Steyr', 286, 1, 14, 'Austria'),
(7023, 'Wels', 286, 1, 14, 'Austria'),
(7037, 'Hallein', 287, 1, 14, 'Austria'),
(7038, 'Hallwang', 287, 1, 14, 'Austria'),
(7049, 'Saalfelden', 287, 1, 14, 'Austria'),
(7060, 'Zell am See', 287, 1, 14, 'Austria'),
(7066, 'Eisenerz', 289, 1, 14, 'Austria'),
(7086, 'Leoben', 289, 1, 14, 'Austria'),
(7097, 'Zeltweg', 289, 1, 14, 'Austria'),
(7108, 'Imst', 291, 1, 14, 'Austria'),
(7113, 'Kitzbuhel', 291, 1, 14, 'Austria'),
(7115, 'Kufstein', 291, 1, 14, 'Austria'),
(7122, 'Sankt Johann in Tirol', 291, 1, 14, 'Austria'),
(7124, 'Schwaz', 291, 1, 14, 'Austria'),
(7126, 'Telfs', 291, 1, 14, 'Austria'),
(7137, 'Dornbirn', 293, 1, 14, 'Austria'),
(7138, 'Feldkirch', 293, 1, 14, 'Austria'),
(7155, 'Wolfurt', 293, 1, 14, 'Austria'),
(7156, 'Vienna', 294, 1, 14, 'Austria'),
(7266, 'Barisal', 340, 1, 18, 'Bangladesh'),
(7277, 'Chandpur', 344, 1, 18, 'Bangladesh'),
(7291, 'Dhaka', 348, 1, 18, 'Bangladesh'),
(7302, 'Feni', 351, 1, 18, 'Bangladesh'),
(7304, 'Gazipur', 353, 1, 18, 'Bangladesh'),
(7306, 'Gopalganj', 354, 1, 18, 'Bangladesh'),
(7310, 'Jamalpur', 357, 1, 18, 'Bangladesh'),
(7319, 'Kotchandpur', 360, 1, 18, 'Bangladesh'),
(7324, 'Khulna', 362, 1, 18, 'Bangladesh'),
(7326, 'Bajitpur', 363, 1, 18, 'Bangladesh'),
(7327, 'Bhairab Bazar', 363, 1, 18, 'Bangladesh'),
(7349, 'Muktagachha', 372, 1, 18, 'Bangladesh'),
(7350, 'Trishal', 372, 1, 18, 'Bangladesh'),
(7356, 'Narayanganj', 378, 1, 18, 'Bangladesh'),
(7357, 'Rupganj', 378, 1, 18, 'Bangladesh'),
(7376, 'Pabna', 386, 1, 18, 'Bangladesh'),
(7380, 'Mathbaria', 389, 1, 18, 'Bangladesh'),
(7381, 'Nesarabad', 389, 1, 18, 'Bangladesh'),
(7385, 'Rajshahi', 391, 1, 18, 'Bangladesh'),
(7390, 'Rangpur', 393, 1, 18, 'Bangladesh'),
(7397, 'Sirajganj', 398, 1, 18, 'Bangladesh'),
(7398, 'Chhatak', 399, 1, 18, 'Bangladesh'),
(7399, 'Sunamganj', 399, 1, 18, 'Bangladesh'),
(7400, 'Gopalpur', 400, 1, 18, 'Bangladesh'),
(7403, 'Tangayal', 400, 1, 18, 'Bangladesh'),
(7406, 'Baranavichy', 413, 1, 20, 'Belarus'),
(7409, 'Brest', 413, 1, 20, 'Belarus'),
(7414, 'Ivanava', 413, 1, 20, 'Belarus'),
(7415, 'Kamjenec', 413, 1, 20, 'Belarus'),
(7416, 'Kobryn', 413, 1, 20, 'Belarus'),
(7417, 'Kosava', 413, 1, 20, 'Belarus'),
(7419, 'Luninjec', 413, 1, 20, 'Belarus'),
(7429, 'Dobrush', 414, 1, 20, 'Belarus'),
(7439, 'Rechyca', 414, 1, 20, 'Belarus'),
(7443, 'Zhlobin', 414, 1, 20, 'Belarus'),
(7448, 'Lida', 415, 1, 20, 'Belarus'),
(7450, 'Navahrudak', 415, 1, 20, 'Belarus'),
(7453, 'Slonim', 415, 1, 20, 'Belarus'),
(7454, 'Smarhon', 415, 1, 20, 'Belarus'),
(7455, 'Vawkavysk', 415, 1, 20, 'Belarus'),
(7464, 'Krychaw', 416, 1, 20, 'Belarus'),
(7467, 'Shklov', 416, 1, 20, 'Belarus'),
(7469, 'Minsk', 418, 1, 20, 'Belarus'),
(7470, 'Petrikov', 420, 1, 20, 'Belarus'),
(7492, 'Antwerpen', 422, 1, 21, 'Belgium'),
(7500, 'Boom', 422, 1, 21, 'Belgium'),
(7511, 'Geel', 422, 1, 21, 'Belgium'),
(7528, 'Lier', 422, 1, 21, 'Belgium'),
(7531, 'Malmdey', 422, 1, 21, 'Belgium'),
(7532, 'Mechelen', 422, 1, 21, 'Belgium'),
(7555, 'Turnhout', 422, 1, 21, 'Belgium'),
(7570, 'Brussels', 424, 1, 21, 'Belgium'),
(7583, 'Beaumont', 428, 1, 21, 'Belgium'),
(7586, 'Binche', 428, 1, 21, 'Belgium'),
(7622, 'Leuven', 428, 1, 21, 'Belgium'),
(7630, 'Mons', 428, 1, 21, 'Belgium'),
(7648, 'Tournai', 428, 1, 21, 'Belgium'),
(7718, 'Spa', 429, 1, 21, 'Belgium'),
(7728, 'Verviers', 429, 1, 21, 'Belgium'),
(7738, 'Beringen', 430, 1, 21, 'Belgium'),
(7745, 'Genk', 430, 1, 21, 'Belgium'),
(7750, 'Hasselt', 430, 1, 21, 'Belgium'),
(7763, 'Lommel', 430, 1, 21, 'Belgium'),
(7774, 'Sint-Truiden', 430, 1, 21, 'Belgium'),
(7776, 'Tongeren', 430, 1, 21, 'Belgium'),
(7784, 'Bastogne', 431, 1, 21, 'Belgium'),
(7787, 'Bouillon', 431, 1, 21, 'Belgium'),
(7790, 'Durbuy', 431, 1, 21, 'Belgium'),
(7830, 'Beauraing', 432, 1, 21, 'Belgium'),
(7835, 'Dinant', 432, 1, 21, 'Belgium'),
(7859, 'Rochefort', 432, 1, 21, 'Belgium'),
(7870, 'Aalst', 434, 1, 21, 'Belgium'),
(7880, 'Dendermonde', 434, 1, 21, 'Belgium'),
(7915, 'Ninove', 434, 1, 21, 'Belgium'),
(7917, 'Oudenaarde', 434, 1, 21, 'Belgium'),
(7924, 'Sint-Niklaas', 434, 1, 21, 'Belgium'),
(7961, 'Halle', 436, 1, 21, 'Belgium'),
(7969, 'Kortrijk', 436, 1, 21, 'Belgium'),
(7998, 'Tienen', 436, 1, 21, 'Belgium'),
(8000, 'Vilvoorde', 436, 1, 21, 'Belgium'),
(8014, 'Blankenberge', 438, 1, 21, 'Belgium'),
(8017, 'Damme', 438, 1, 21, 'Belgium'),
(8018, 'De Haan', 438, 1, 21, 'Belgium'),
(8035, 'Knokke-Heist', 438, 1, 21, 'Belgium'),
(8052, 'Ostend', 438, 1, 21, 'Belgium'),
(8058, 'Roeselare', 438, 1, 21, 'Belgium'),
(8064, 'Veurne', 438, 1, 21, 'Belgium'),
(8139, 'Guayaramerin', 477, 1, 26, 'Bolivia'),
(8142, 'Riberalta', 477, 1, 26, 'Bolivia'),
(8143, 'Rurrenabaque', 477, 1, 26, 'Bolivia'),
(8144, 'San Borja', 477, 1, 26, 'Bolivia'),
(8147, 'Santa Ana', 477, 1, 26, 'Bolivia'),
(8149, 'Trinidad', 477, 1, 26, 'Bolivia'),
(8151, 'Monteagudo', 478, 1, 26, 'Bolivia'),
(8154, 'Sucre', 478, 1, 26, 'Bolivia'),
(8156, 'Villa Serano', 478, 1, 26, 'Bolivia'),
(8176, 'Huanuni', 481, 1, 26, 'Bolivia'),
(8178, 'Oruro', 481, 1, 26, 'Bolivia'),
(8182, 'Cobija', 482, 1, 26, 'Bolivia'),
(8185, 'coroico', 483, 1, 26, 'Bolivia'),
(8187, 'Potosi', 483, 1, 26, 'Bolivia'),
(8188, 'Santa Barbara', 483, 1, 26, 'Bolivia'),
(8189, 'Tupiza', 483, 1, 26, 'Bolivia'),
(8191, 'Uyuni', 483, 1, 26, 'Bolivia'),
(8192, 'Villazon', 483, 1, 26, 'Bolivia'),
(8196, 'Tarija', 485, 1, 26, 'Bolivia'),
(8198, 'Yacuiba', 485, 1, 26, 'Bolivia'),
(8513, 'Feijo', 512, 1, 30, 'Brazil'),
(8518, 'Porto Walter', 512, 1, 30, 'Brazil'),
(8519, 'Rio Branco', 512, 1, 30, 'Brazil'),
(8525, 'Agua Branca', 513, 1, 30, 'Brazil'),
(8536, 'Canapi', 513, 1, 30, 'Brazil'),
(8545, 'Feira Grande', 513, 1, 30, 'Brazil'),
(8557, 'Maceio', 513, 1, 30, 'Brazil'),
(8574, 'Penedo', 513, 1, 30, 'Brazil'),
(8587, 'Sao Luis do Quitunde', 513, 1, 30, 'Brazil'),
(8602, 'Santana', 514, 1, 30, 'Brazil'),
(8611, 'Borba', 515, 1, 30, 'Brazil'),
(8621, 'Guajara', 515, 1, 30, 'Brazil'),
(8630, 'Manaquiri', 515, 1, 30, 'Brazil'),
(8645, 'Sao Paulo de Olivenca', 515, 1, 30, 'Brazil'),
(8680, 'Campo Formoso', 516, 1, 30, 'Brazil'),
(8711, 'Feira de Santana', 516, 1, 30, 'Brazil'),
(8750, 'Uberlandia', 516, 1, 30, 'Brazil'),
(8757, 'Joao Dourado', 516, 1, 30, 'Brazil'),
(8789, 'Paratinga', 516, 1, 30, 'Brazil'),
(8810, 'Ribeira do Pombal', 516, 1, 30, 'Brazil'),
(8813, 'Salvador', 516, 1, 30, 'Brazil'),
(8827, 'Sao Goncalo dos Campos', 516, 1, 30, 'Brazil'),
(8893, 'Fortaleza', 517, 1, 30, 'Brazil'),
(8896, 'Guaraciaba do Norte', 517, 1, 30, 'Brazil'),
(8988, 'Goianapolis', 521, 1, 30, 'Brazil'),
(9166, 'Belem', 526, 1, 30, 'Brazil'),
(9266, 'Campina Grande', 527, 1, 30, 'Brazil'),
(9373, 'Curitiba', 528, 1, 30, 'Brazil'),
(9378, 'Florestopolis', 528, 1, 30, 'Brazil'),
(9379, 'Foz do Iguacu', 528, 1, 30, 'Brazil'),
(9390, 'Irati', 528, 1, 30, 'Brazil'),
(9400, 'Londrina', 528, 1, 30, 'Brazil'),
(9405, 'Maringa', 528, 1, 30, 'Brazil'),
(9418, 'Paranagua', 528, 1, 30, 'Brazil'),
(9451, 'Siquera Campos', 528, 1, 30, 'Brazil'),
(9476, 'Belem de Sao Francisco', 529, 1, 30, 'Brazil'),
(9477, 'Belo Jardim', 529, 1, 30, 'Brazil'),
(9533, 'Olinda', 529, 1, 30, 'Brazil'),
(9548, 'Recife', 529, 1, 30, 'Brazil'),
(9617, 'Porto', 530, 1, 30, 'Brazil'),
(9651, 'Ouro Preto', 534, 1, 30, 'Brazil'),
(9670, 'Aracaju', 538, 1, 30, 'Brazil'),
(9743, 'Bansko', 545, 1, 33, 'Bulgaria'),
(9745, 'Blagoevgrad', 545, 1, 33, 'Bulgaria'),
(9750, 'Melnik', 545, 1, 33, 'Bulgaria'),
(9753, 'Sandanski', 545, 1, 33, 'Bulgaria'),
(9763, 'Karnobat', 546, 1, 33, 'Bulgaria'),
(9765, 'Nesebar', 546, 1, 33, 'Bulgaria'),
(9769, 'Sozopol', 546, 1, 33, 'Bulgaria'),
(9773, 'Balchik', 547, 1, 33, 'Bulgaria'),
(9774, 'Dobrich', 547, 1, 33, 'Bulgaria'),
(9781, 'Gabrovo', 548, 1, 33, 'Bulgaria'),
(9785, 'Dimitrovgrad', 549, 1, 33, 'Bulgaria'),
(9787, 'Haskovo', 549, 1, 33, 'Bulgaria'),
(9793, 'Svilengrad', 549, 1, 33, 'Bulgaria'),
(9801, 'Kardzhali', 551, 1, 33, 'Bulgaria'),
(9815, 'Lovech', 553, 1, 33, 'Bulgaria'),
(9825, 'Lom', 554, 1, 33, 'Bulgaria'),
(9826, 'Montana', 554, 1, 33, 'Bulgaria'),
(9832, 'Koprivshtica', 556, 1, 33, 'Bulgaria'),
(9833, 'Panagjurishte', 556, 1, 33, 'Bulgaria'),
(9834, 'Pazardzhik', 556, 1, 33, 'Bulgaria'),
(9839, 'Velingrad', 556, 1, 33, 'Bulgaria'),
(9843, 'Pernik', 557, 1, 33, 'Bulgaria'),
(9858, 'Asenovgrad', 559, 1, 33, 'Bulgaria'),
(9863, 'Karlovo', 559, 1, 33, 'Bulgaria'),
(9875, 'Razgrad', 560, 1, 33, 'Bulgaria'),
(9888, 'Shumen', 562, 1, 33, 'Bulgaria'),
(9894, 'Silistra', 563, 1, 33, 'Bulgaria'),
(9900, 'Sliven', 564, 1, 33, 'Bulgaria'),
(9908, 'Smoljan', 565, 1, 33, 'Bulgaria'),
(9914, 'Targovishte', 569, 1, 33, 'Bulgaria'),
(9924, 'Belogradchik', 572, 1, 33, 'Bulgaria'),
(9931, 'Vidin', 572, 1, 33, 'Bulgaria'),
(10008, 'Kampot', 635, 1, 36, 'Cambodia'),
(10009, 'Ta Khmau', 636, 1, 36, 'Cambodia'),
(10010, 'Kracheh', 638, 1, 36, 'Cambodia'),
(10011, 'Pousat', 645, 1, 36, 'Cambodia'),
(10012, 'Phumi Takaev', 652, 1, 36, 'Cambodia'),
(10095, 'Banff', 663, 1, 38, 'Canada'),
(10107, 'Calgary', 663, 1, 38, 'Canada'),
(10115, 'Clairmont', 663, 1, 38, 'Canada'),
(10123, 'Drayton Valley', 663, 1, 38, 'Canada'),
(10125, 'Edmonton', 663, 1, 38, 'Canada'),
(10128, 'Fairview', 663, 1, 38, 'Canada'),
(10137, 'Hanna', 663, 1, 38, 'Canada'),
(10140, 'High River', 663, 1, 38, 'Canada'),
(10148, 'Lamont', 663, 1, 38, 'Canada'),
(10158, 'Morinville', 663, 1, 38, 'Canada'),
(10162, 'Peace River', 663, 1, 38, 'Canada'),
(10170, 'Redwater', 663, 1, 38, 'Canada'),
(10174, 'Saint Paul', 663, 1, 38, 'Canada'),
(10180, 'Spruce Grove', 663, 1, 38, 'Canada'),
(10188, 'Three Hills', 663, 1, 38, 'Canada'),
(10191, 'Valleyview', 663, 1, 38, 'Canada'),
(10206, 'Carberry', 665, 1, 38, 'Canada'),
(10214, 'Killarney', 665, 1, 38, 'Canada'),
(10219, 'Minnedosa', 665, 1, 38, 'Canada'),
(10231, 'Sainte Rose du Lac', 665, 1, 38, 'Canada'),
(10234, 'Snow Lake', 665, 1, 38, 'Canada'),
(10242, 'Thompson', 665, 1, 38, 'Canada'),
(10256, 'Alliston', 671, 1, 38, 'Canada'),
(10273, 'Beeton', 671, 1, 38, 'Canada'),
(10274, 'Belleville', 671, 1, 38, 'Canada'),
(10285, 'Brantford', 671, 1, 38, 'Canada'),
(10288, 'Brockville', 671, 1, 38, 'Canada'),
(10300, 'Capreol', 671, 1, 38, 'Canada'),
(10307, 'Chapleau', 671, 1, 38, 'Canada'),
(10310, 'Chesterville', 671, 1, 38, 'Canada'),
(10319, 'Cookstown', 671, 1, 38, 'Canada'),
(10363, 'Guelph', 671, 1, 38, 'Canada'),
(10389, 'Kingston', 671, 1, 38, 'Canada'),
(10391, 'Kitchener', 671, 1, 38, 'Canada'),
(10419, 'Mississauga', 671, 1, 38, 'Canada'),
(10487, 'Sault Sainte Marie', 671, 1, 38, 'Canada'),
(10526, 'Vaughan', 671, 1, 38, 'Canada'),
(10533, 'Waterloo', 671, 1, 38, 'Canada'),
(10537, 'Wellesley', 671, 1, 38, 'Canada'),
(10538, 'Wellington', 671, 1, 38, 'Canada'),
(10586, 'Charlesbourg', 673, 1, 38, 'Canada'),
(10647, 'Laval', 673, 1, 38, 'Canada'),
(10672, 'Montreal', 673, 1, 38, 'Canada'),
(10692, 'Princeville', 673, 1, 38, 'Canada'),
(10787, 'Trois-Rivieres', 673, 1, 38, 'Canada'),
(10829, 'Langenburg', 674, 1, 38, 'Canada'),
(10847, 'Preeceville', 674, 1, 38, 'Canada'),
(10848, 'Prince Albert', 674, 1, 38, 'Canada'),
(10852, 'Saskatoon', 674, 1, 38, 'Canada'),
(10854, 'Shellbrook', 674, 1, 38, 'Canada'),
(10859, 'Warman', 674, 1, 38, 'Canada'),
(10865, 'Yorkton', 674, 1, 38, 'Canada'),
(10868, 'Whitehorse', 675, 1, 38, 'Canada'),
(11161, 'Guangde', 731, 1, 44, 'China'),
(11181, 'Aomen', 734, 1, 44, 'China'),
(11182, 'Beijing', 735, 1, 44, 'China'),
(11190, 'Beijing', 736, 1, 44, 'China'),
(11199, 'Chongqing', 737, 1, 44, 'China'),
(11210, 'Fujian', 738, 1, 44, 'China'),
(11223, 'Nanping', 738, 1, 44, 'China'),
(11226, 'Qingyang', 738, 1, 44, 'China'),
(11260, 'Putian', 739, 1, 44, 'China'),
(11307, 'Guangdong', 741, 1, 44, 'China'),
(11345, 'Qingtang', 741, 1, 44, 'China'),
(11348, 'Hong Kong', 741, 1, 44, 'China'),
(11353, 'Shenzhen', 741, 1, 44, 'China'),
(11472, 'Guilin', 743, 1, 44, 'China'),
(11716, 'Wuhan', 749, 1, 44, 'China'),
(11806, 'Nanjing', 751, 1, 44, 'China'),
(11818, 'Suzhou', 751, 1, 44, 'China'),
(12018, 'Shenyang', 755, 1, 44, 'China'),
(12304, 'Shanghai', 763, 1, 44, 'China'),
(12323, 'Chengdu', 765, 1, 44, 'China'),
(12365, 'Tianjin', 766, 1, 44, 'China'),
(12366, 'Xianshuigu', 766, 1, 44, 'China'),
(12431, 'Hangzhou', 771, 1, 44, 'China'),
(12497, 'Linan City', 772, 1, 44, 'China'),
(12532, 'Puerto Narino', 775, 1, 47, 'Colombia'),
(12547, 'Armenia', 776, 1, 47, 'Colombia'),
(12572, 'Copacabana', 776, 1, 47, 'Colombia'),
(12578, 'Envigado', 776, 1, 47, 'Colombia'),
(12587, 'Guatape', 776, 1, 47, 'Colombia'),
(12595, 'La Estrella', 776, 1, 47, 'Colombia'),
(12601, 'Medellin', 776, 1, 47, 'Colombia'),
(12633, 'Santa Barbara', 776, 1, 47, 'Colombia'),
(12645, 'Turbo', 776, 1, 47, 'Colombia'),
(12666, 'Barranquilla', 778, 1, 47, 'Colombia'),
(12688, 'Bogota', 779, 1, 47, 'Colombia'),
(12694, 'Barranco de Loba', 780, 1, 47, 'Colombia'),
(12697, 'Cartagena', 780, 1, 47, 'Colombia'),
(12732, 'Villanueva', 780, 1, 47, 'Colombia'),
(12789, 'Moniquira', 781, 1, 47, 'Colombia'),
(12820, 'Santa Maria', 781, 1, 47, 'Colombia'),
(12848, 'Tunja', 781, 1, 47, 'Colombia'),
(12882, 'Villamaria', 782, 1, 47, 'Colombia'),
(12890, 'Florencia', 783, 1, 47, 'Colombia'),
(12918, 'Yopal', 784, 1, 47, 'Colombia'),
(12959, 'Villa Rica', 785, 1, 47, 'Colombia'),
(13006, 'Quibdo', 787, 1, 47, 'Colombia'),
(13129, 'Soacha', 789, 1, 47, 'Colombia'),
(13158, 'Zipaquira', 789, 1, 47, 'Colombia'),
(13191, 'San Agustin', 792, 1, 47, 'Colombia'),
(13243, 'La Macarena', 795, 1, 47, 'Colombia'),
(13286, 'Ipiales', 796, 1, 47, 'Colombia'),
(13301, 'Pasto', 796, 1, 47, 'Colombia'),
(13325, 'Mocoa', 798, 1, 47, 'Colombia'),
(13342, 'Filandia', 799, 1, 47, 'Colombia'),
(13348, 'Salento', 799, 1, 47, 'Colombia'),
(13361, 'Santa Rosa de Cabal', 800, 1, 47, 'Colombia'),
(13367, 'Barichara', 802, 1, 47, 'Colombia'),
(13371, 'Bucaramanga', 802, 1, 47, 'Colombia'),
(13373, 'California', 802, 1, 47, 'Colombia'),
(13432, 'San Gil', 802, 1, 47, 'Colombia'),
(13471, 'Sincelejo', 803, 1, 47, 'Colombia'),
(13496, 'Ibague', 804, 1, 47, 'Colombia'),
(14610, 'Limassol', 910, 1, 56, 'Cyprus'),
(14611, 'Paphos', 912, 1, 56, 'Cyprus'),
(14912, 'Aalborg', 941, 1, 58, 'Denmark'),
(14918, 'Ebeltoft', 941, 1, 58, 'Denmark'),
(14928, 'Copenhagen', 941, 1, 58, 'Denmark'),
(14936, 'Randers', 941, 1, 58, 'Denmark'),
(14942, 'Silkeborg', 941, 1, 58, 'Denmark'),
(14963, 'Fredensborg', 943, 1, 58, 'Denmark'),
(14970, 'Helsinge', 943, 1, 58, 'Denmark'),
(14971, 'Helsingor', 943, 1, 58, 'Denmark'),
(14972, 'Hillerod', 943, 1, 58, 'Denmark'),
(14974, 'Horsholm', 943, 1, 58, 'Denmark'),
(14984, 'Olstykke', 943, 1, 58, 'Denmark'),
(14988, 'Stenlose', 943, 1, 58, 'Denmark'),
(15001, 'Faaborg', 944, 1, 58, 'Denmark'),
(15002, 'Glamsbjerg', 944, 1, 58, 'Denmark'),
(15013, 'Odense', 944, 1, 58, 'Denmark'),
(15018, 'Seden', 944, 1, 58, 'Denmark'),
(15019, 'Sonderso', 944, 1, 58, 'Denmark'),
(15022, 'Svendborg', 944, 1, 58, 'Denmark'),
(15028, 'Ballerup', 945, 1, 58, 'Denmark'),
(15032, 'Dragor', 946, 1, 58, 'Denmark'),
(15043, 'Taastrup', 946, 1, 58, 'Denmark'),
(15057, 'Frederikshavn', 949, 1, 58, 'Denmark'),
(15063, 'Hirtshals', 949, 1, 58, 'Denmark'),
(15065, 'Hjorring', 949, 1, 58, 'Denmark'),
(15071, 'Norresundby', 949, 1, 58, 'Denmark'),
(15076, 'Skagen', 949, 1, 58, 'Denmark'),
(15091, 'Billund', 950, 1, 58, 'Denmark'),
(15095, 'Rindsted', 950, 1, 58, 'Denmark'),
(15100, 'Ribe', 950, 1, 58, 'Denmark'),
(15111, 'Herning', 951, 1, 58, 'Denmark'),
(15112, 'Holstebro', 951, 1, 58, 'Denmark'),
(15140, 'Koge', 953, 1, 58, 'Denmark'),
(15143, 'Roskilde', 953, 1, 58, 'Denmark'),
(15152, 'Naestved', 955, 1, 58, 'Denmark'),
(15154, 'Aabenraa', 957, 1, 58, 'Denmark'),
(15163, 'Haderslev', 957, 1, 58, 'Denmark'),
(15194, 'Ronnede', 958, 1, 58, 'Denmark'),
(15208, 'Fredericia', 961, 1, 58, 'Denmark'),
(15211, 'Horsens', 961, 1, 58, 'Denmark'),
(15212, 'Jelling', 961, 1, 58, 'Denmark'),
(15214, 'Kolding', 961, 1, 58, 'Denmark'),
(15221, 'Vejle', 961, 1, 58, 'Denmark'),
(15225, 'Frederiksberg', 962, 1, 58, 'Denmark'),
(15229, 'Holbaek', 962, 1, 58, 'Denmark'),
(15238, 'Slagelse', 962, 1, 58, 'Denmark'),
(15239, 'Soro', 962, 1, 58, 'Denmark'),
(15252, 'Skive', 963, 1, 58, 'Denmark'),
(15256, 'Viborg', 963, 1, 58, 'Denmark'),
(15685, 'Parnu', 1104, 1, 68, 'Estonia'),
(15686, 'Tartu', 1104, 1, 68, 'Estonia'),
(15697, 'Assaku', 1104, 1, 68, 'Estonia'),
(15707, 'Harma', 1104, 1, 68, 'Estonia'),
(15715, 'Jogisoo', 1104, 1, 68, 'Estonia'),
(15721, 'Kallavere', 1104, 1, 68, 'Estonia'),
(15761, 'Loksa', 1104, 1, 68, 'Estonia'),
(15766, 'Maardu', 1104, 1, 68, 'Estonia'),
(15784, 'Paldiski', 1104, 1, 68, 'Estonia'),
(15787, 'Patika', 1104, 1, 68, 'Estonia'),
(15792, 'Pikva', 1104, 1, 68, 'Estonia'),
(15808, 'Saue', 1104, 1, 68, 'Estonia'),
(15848, 'Kardla', 1105, 1, 68, 'Estonia'),
(15854, 'Suuremoisa', 1105, 1, 68, 'Estonia'),
(15863, 'Johvi', 1106, 1, 68, 'Estonia'),
(15866, 'Kivioli', 1106, 1, 68, 'Estonia'),
(15867, 'Kohtla-Jarve', 1106, 1, 68, 'Estonia'),
(15877, 'Narva', 1106, 1, 68, 'Estonia'),
(15878, 'Narva-Joesuu', 1106, 1, 68, 'Estonia'),
(15883, 'Pussi', 1106, 1, 68, 'Estonia'),
(15887, 'Sillamae', 1106, 1, 68, 'Estonia'),
(15931, 'Paide', 1107, 1, 68, 'Estonia'),
(15944, 'Turi', 1107, 1, 68, 'Estonia'),
(15954, 'Jogeva', 1108, 1, 68, 'Estonia'),
(15977, 'Mustvee', 1108, 1, 68, 'Estonia'),
(15991, 'Poltsamaa', 1108, 1, 68, 'Estonia'),
(16013, 'Vohmanomme', 1108, 1, 68, 'Estonia'),
(16018, 'Haapsalu', 1109, 1, 68, 'Estonia'),
(16026, 'Lihula', 1109, 1, 68, 'Estonia'),
(16031, 'Nova', 1109, 1, 68, 'Estonia'),
(16033, 'Palli', 1109, 1, 68, 'Estonia'),
(16034, 'Panga', 1109, 1, 68, 'Estonia'),
(16043, 'Tuudi', 1109, 1, 68, 'Estonia'),
(16047, 'Virtsu', 1109, 1, 68, 'Estonia'),
(16881, 'Maarianhamina', 1151, 1, 74, 'Finland'),
(16882, 'Imatra', 1152, 1, 74, 'Finland'),
(16884, 'Lappeenranta', 1152, 1, 74, 'Finland'),
(16890, 'Seinajoki', 1153, 1, 74, 'Finland'),
(16891, 'Mikkeli', 1154, 1, 74, 'Finland'),
(16892, 'Savonlinna', 1154, 1, 74, 'Finland'),
(16895, 'Porvoo', 1157, 1, 74, 'Finland'),
(16896, 'Kajaani', 1158, 1, 74, 'Finland'),
(16898, 'Hameenlinna', 1159, 1, 74, 'Finland'),
(16901, 'Kokkola', 1160, 1, 74, 'Finland'),
(16903, 'Jamsa', 1161, 1, 74, 'Finland'),
(16909, 'Hamina', 1162, 1, 74, 'Finland'),
(16910, 'Kotka', 1162, 1, 74, 'Finland'),
(16911, 'Kouvola', 1162, 1, 74, 'Finland'),
(16912, 'Kuusankoski', 1162, 1, 74, 'Finland'),
(16915, 'Kemi', 1164, 1, 74, 'Finland'),
(16917, 'Rovaniemi', 1164, 1, 74, 'Finland'),
(16919, 'Tornio', 1164, 1, 74, 'Finland'),
(16920, 'Jakobstad', 1166, 1, 74, 'Finland'),
(16928, 'Nokia', 1169, 1, 74, 'Finland'),
(16938, 'Vaasa', 1170, 1, 74, 'Finland'),
(16939, 'Joensuu', 1171, 1, 74, 'Finland'),
(16948, 'Raahe', 1172, 1, 74, 'Finland'),
(16954, 'Saarijarvi', 1174, 1, 74, 'Finland'),
(16964, 'Pori', 1175, 1, 74, 'Finland'),
(16965, 'Rauma', 1175, 1, 74, 'Finland'),
(16970, 'Hanko', 1179, 1, 74, 'Finland'),
(16972, 'Hyvinkaa', 1179, 1, 74, 'Finland'),
(16973, 'Jarvenpaa', 1179, 1, 74, 'Finland'),
(16974, 'Kauniainen', 1179, 1, 74, 'Finland'),
(16977, 'Lohja', 1179, 1, 74, 'Finland'),
(16985, 'Kaarina', 1180, 1, 74, 'Finland'),
(16986, 'Naantali', 1180, 1, 74, 'Finland'),
(16989, 'Salo', 1180, 1, 74, 'Finland'),
(17000, 'Saint-Quentin', 1182, 1, 75, 'France'),
(17009, 'Antibes', 1186, 1, 75, 'France'),
(17012, 'Cannes', 1186, 1, 75, 'France'),
(17034, 'Beaune', 1188, 1, 75, 'France'),
(17125, 'Carcassonne', 1194, 1, 75, 'France'),
(17128, 'Narbonne', 1194, 1, 75, 'France'),
(17155, 'Aix-en-Provence', 1199, 1, 75, 'France'),
(17157, 'Arles', 1199, 1, 75, 'France'),
(17170, 'Marseille', 1199, 1, 75, 'France'),
(17215, 'La Rochelle', 1209, 1, 75, 'France'),
(17303, 'Chartres', 1223, 1, 75, 'France'),
(17360, 'Colmar', 1230, 1, 75, 'France'),
(17392, 'Annecy', 1236, 1, 75, 'France'),
(17397, 'Chamonix-Mont-Blanc', 1236, 1, 75, 'France'),
(17411, 'Lourdes', 1239, 1, 75, 'France'),
(17467, 'Saint-Malo', 1243, 1, 75, 'France'),
(17512, 'Blois', 1255, 1, 75, 'France'),
(17523, 'Roche-la-Moliere', 1256, 1, 75, 'France'),
(17563, 'Angers', 1264, 1, 75, 'France'),
(17723, 'Argentan', 1277, 1, 75, 'France'),
(17726, 'Paris', 1278, 1, 75, 'France'),
(17736, 'Calais', 1279, 1, 75, 'France'),
(17781, 'Biarritz', 1284, 1, 75, 'France'),
(17787, 'Pau', 1284, 1, 75, 'France'),
(17801, 'Lyon', 1287, 1, 75, 'France'),
(17891, 'Rouen', 1294, 1, 75, 'France'),
(18068, 'Avignon', 1308, 1, 75, 'France'),
(18088, 'Poitiers', 1311, 1, 75, 'France'),
(18135, 'Versailles', 1314, 1, 75, 'France'),
(18270, 'Atlanta', 1342, 1, 81, 'Georgia'),
(18272, 'Macon', 1342, 1, 81, 'Georgia'),
(18273, 'Decatur', 1342, 1, 81, 'Georgia'),
(18274, 'Norcross', 1342, 1, 81, 'Georgia'),
(18275, 'Gainesville', 1342, 1, 81, 'Georgia'),
(18276, 'Valdosta', 1342, 1, 81, 'Georgia'),
(18277, 'Suwanee', 1342, 1, 81, 'Georgia'),
(18278, 'Buford', 1342, 1, 81, 'Georgia'),
(18279, 'McDonough', 1343, 1, 81, 'Georgia'),
(18280, 'Newnan', 1343, 1, 81, 'Georgia'),
(18281, 'Warner Robins', 1343, 1, 81, 'Georgia'),
(18282, 'Tybee Island', 1343, 1, 81, 'Georgia'),
(18283, 'Douglasville', 1344, 1, 81, 'Georgia'),
(18284, 'Sandy Springs', 1344, 1, 81, 'Georgia'),
(18285, 'Dahlonega', 1345, 1, 81, 'Georgia'),
(18286, 'Acworth', 1345, 1, 81, 'Georgia'),
(18287, 'Covington', 1345, 1, 81, 'Georgia'),
(18288, 'Snellville', 1345, 1, 81, 'Georgia'),
(18289, 'Statesboro', 1345, 1, 81, 'Georgia'),
(18290, 'Peachtree City', 1345, 1, 81, 'Georgia'),
(18291, 'Helen', 1345, 1, 81, 'Georgia'),
(18292, 'Johns Creek', 1345, 1, 81, 'Georgia'),
(18293, 'Tifton', 1345, 1, 81, 'Georgia'),
(18294, 'Cumming', 1345, 1, 81, 'Georgia'),
(18295, 'Milledgeville', 1345, 1, 81, 'Georgia'),
(18296, 'Lilburn', 1346, 1, 81, 'Georgia'),
(18297, 'Americus', 1346, 1, 81, 'Georgia'),
(18298, 'Austell', 1346, 1, 81, 'Georgia'),
(18299, 'Loganville', 1346, 1, 81, 'Georgia'),
(18300, 'Ellijay', 1346, 1, 81, 'Georgia'),
(18301, 'Winder', 1346, 1, 81, 'Georgia'),
(18302, 'Mableton', 1346, 1, 81, 'Georgia'),
(18303, 'Blairsville', 1346, 1, 81, 'Georgia'),
(18304, 'Braselton', 1346, 1, 81, 'Georgia'),
(18305, 'Dawsonville', 1348, 1, 81, 'Georgia'),
(18306, 'Senoia', 1348, 1, 81, 'Georgia'),
(18307, 'Hinesville', 1349, 1, 81, 'Georgia'),
(18308, 'Powder Springs', 1349, 1, 81, 'Georgia'),
(18309, 'Dacula', 1349, 1, 81, 'Georgia'),
(18310, 'East POint', 1351, 1, 81, 'Georgia'),
(18311, 'Flowery Branch', 1351, 1, 81, 'Georgia'),
(18340, 'Baden-Baden', 1355, 1, 82, 'Germany'),
(18759, 'Bamberg', 1357, 1, 82, 'Germany'),
(18810, 'Fussen', 1357, 1, 82, 'Germany'),
(18813, 'Weimar', 1357, 1, 82, 'Germany'),
(18814, 'Berchtesgaden', 1357, 1, 82, 'Germany'),
(18815, 'Marburg', 1357, 1, 82, 'Germany'),
(18951, 'Rothenbach', 1357, 1, 82, 'Germany'),
(18952, 'Rothenburg', 1357, 1, 82, 'Germany'),
(19011, 'Wurzburg', 1357, 1, 82, 'Germany'),
(19036, 'Frankfurt', 1360, 1, 82, 'Germany'),
(20006, 'Trier', 1390, 1, 82, 'Germany'),
(20433, 'Corinth', 1412, 1, 85, 'Greece'),
(20434, 'Chania', 1413, 1, 85, 'Greece'),
(20435, 'Nafplio', 1413, 1, 85, 'Greece'),
(20436, 'Lindos', 1415, 1, 85, 'Greece'),
(20437, 'Thebes', 1415, 1, 85, 'Greece'),
(20438, 'Rhodes', 1416, 1, 85, 'Greece'),
(20439, 'Sparta', 1417, 1, 85, 'Greece'),
(20440, 'Delphi', 1418, 1, 85, 'Greece'),
(20441, 'Argos', 1418, 1, 85, 'Greece'),
(20442, 'Rethymno', 1418, 1, 85, 'Greece'),
(20443, 'Kalabaka', 1418, 1, 85, 'Greece'),
(20444, 'Kavala', 1418, 1, 85, 'Greece'),
(20445, 'Oia', 1418, 1, 85, 'Greece'),
(20446, 'Chalcis', 1418, 1, 85, 'Greece'),
(20447, 'Volos', 1419, 1, 85, 'Greece'),
(20448, 'Lerapetra', 1419, 1, 85, 'Greece'),
(20449, 'Corfu', 1419, 1, 85, 'Greece'),
(20450, 'Olympia', 1419, 1, 85, 'Greece'),
(20451, 'Lamina', 1419, 1, 85, 'Greece'),
(20452, 'Nafpaktos', 1419, 1, 85, 'Greece'),
(20453, 'Agios Nikolaos', 1419, 1, 85, 'Greece'),
(20454, 'Tripoli', 1419, 1, 85, 'Greece'),
(20455, 'Kalamata', 1419, 1, 85, 'Greece'),
(20456, 'Zogori', 1419, 1, 85, 'Greece'),
(20457, 'Aigio', 1419, 1, 85, 'Greece'),
(20458, 'Agrinio', 1419, 1, 85, 'Greece'),
(20459, 'Mytilene', 1419, 1, 85, 'Greece'),
(20460, 'Veria', 1419, 1, 85, 'Greece'),
(20461, 'Loutraki', 1419, 1, 85, 'Greece'),
(20462, 'Orestiada', 1419, 1, 85, 'Greece'),
(20463, 'Eleusis', 1419, 1, 85, 'Greece'),
(20464, 'Sithonia', 1419, 1, 85, 'Greece'),
(20465, 'Naousa', 1419, 1, 85, 'Greece'),
(20466, 'Rafina', 1419, 1, 85, 'Greece'),
(20467, 'Megara', 1419, 1, 85, 'Greece'),
(20468, 'Edessa', 1419, 1, 85, 'Greece'),
(20469, 'Drama', 1419, 1, 85, 'Greece'),
(20470, 'Acharnes', 1419, 1, 85, 'Greece'),
(20471, 'Xanthi', 1419, 1, 85, 'Greece'),
(20472, 'Loannina', 1419, 1, 85, 'Greece'),
(20473, 'Malia Crete', 1419, 1, 85, 'Greece'),
(20474, 'Lalysos', 1419, 1, 85, 'Greece'),
(20475, 'Missolonghi', 1419, 1, 85, 'Greece'),
(20476, 'Serres', 1419, 1, 85, 'Greece'),
(20477, 'Epidaurus', 1419, 1, 85, 'Greece'),
(20564, 'Thessaloniki', 1468, 1, 85, 'Greece'),
(20918, 'Baja', 1637, 1, 99, 'Hungary'),
(20921, 'Dunapataj', 1637, 1, 99, 'Hungary'),
(20922, 'Dunavecse', 1637, 1, 99, 'Hungary'),
(20929, 'Kalocsa', 1637, 1, 99, 'Hungary'),
(20931, 'Kecskemet', 1637, 1, 99, 'Hungary'),
(20942, 'Nagybaracska', 1637, 1, 99, 'Hungary'),
(20955, 'Dunaszekcso', 1638, 1, 99, 'Hungary'),
(20961, 'Pecs', 1638, 1, 99, 'Hungary'),
(20969, 'Villany', 1638, 1, 99, 'Hungary'),
(20981, 'Gyula', 1639, 1, 99, 'Hungary'),
(20997, 'Veszto', 1639, 1, 99, 'Hungary'),
(21012, 'Miskolc', 1640, 1, 99, 'Hungary'),
(21037, 'Tokaj', 1640, 1, 99, 'Hungary'),
(21039, 'Budapest', 1641, 1, 99, 'Hungary'),
(21043, 'Hodmezovasarhely', 1642, 1, 99, 'Hungary'),
(21047, 'Mako', 1642, 1, 99, 'Hungary'),
(21054, 'Szeged', 1642, 1, 99, 'Hungary'),
(21056, 'Szekkutas', 1642, 1, 99, 'Hungary'),
(21087, 'Szekesfehervar', 1643, 1, 99, 'Hungary'),
(21096, 'Gyor', 1644, 1, 99, 'Hungary'),
(21102, 'Mosonmagyarovar', 1644, 1, 99, 'Hungary'),
(21104, 'Pannonhalma', 1644, 1, 99, 'Hungary'),
(21106, 'Sopron', 1644, 1, 99, 'Hungary'),
(21114, 'Debrecen', 1645, 1, 99, 'Hungary'),
(21118, 'Hajduboszormeny', 1645, 1, 99, 'Hungary'),
(21145, 'Eger', 1646, 1, 99, 'Hungary'),
(21187, 'Szolnok', 1647, 1, 99, 'Hungary'),
(21203, 'Esztergom', 1648, 1, 99, 'Hungary'),
(21216, 'Tata', 1648, 1, 99, 'Hungary'),
(21217, 'Tatabanya', 1648, 1, 99, 'Hungary'),
(21240, 'Budaors', 1650, 1, 99, 'Hungary'),
(21254, 'Godollo', 1650, 1, 99, 'Hungary'),
(21308, 'Vac', 1650, 1, 99, 'Hungary'),
(21312, 'Visegrad', 1650, 1, 99, 'Hungary'),
(21316, 'Balatonfoldvar', 1651, 1, 99, 'Hungary'),
(21325, 'Fonyod', 1651, 1, 99, 'Hungary'),
(21326, 'Kaposvar', 1651, 1, 99, 'Hungary'),
(21333, 'Siofok', 1651, 1, 99, 'Hungary'),
(21356, 'Nyiregyhaza', 1652, 1, 99, 'Hungary'),
(21387, 'Szentgal', 1653, 1, 99, 'Hungary'),
(21392, 'Buk', 1654, 1, 99, 'Hungary'),
(21399, 'Koszeg', 1654, 1, 99, 'Hungary'),
(21400, 'Sarvar', 1654, 1, 99, 'Hungary'),
(21402, 'Szombathely', 1654, 1, 99, 'Hungary'),
(21417, 'Sumeg', 1655, 1, 99, 'Hungary'),
(21418, 'Tapolca', 1655, 1, 99, 'Hungary'),
(21424, 'Heviz', 1656, 1, 99, 'Hungary'),
(21425, 'Keszthely', 1656, 1, 99, 'Hungary'),
(21431, 'Zalaegerszeg', 1656, 1, 99, 'Hungary'),
(21468, 'Kuta', 1667, 1, 102, 'Indonesia'),
(21470, 'Singaraja', 1667, 1, 102, 'Indonesia'),
(21472, 'Ubud', 1667, 1, 102, 'Indonesia'),
(21475, 'Pangkal Pinang', 1668, 1, 102, 'Indonesia'),
(21476, 'Pontianak', 1668, 1, 102, 'Indonesia'),
(21477, 'Padang', 1668, 1, 102, 'Indonesia'),
(21478, 'Manado', 1668, 1, 102, 'Indonesia'),
(21479, 'Bukittinggi', 1669, 1, 102, 'Indonesia'),
(21480, 'Cirebon', 1669, 1, 102, 'Indonesia'),
(21481, 'Batam', 1669, 1, 102, 'Indonesia'),
(21482, 'Kupang', 1669, 1, 102, 'Indonesia'),
(21483, 'Balikpapan', 1669, 1, 102, 'Indonesia'),
(21484, 'Semarang', 1669, 1, 102, 'Indonesia'),
(21485, 'Sabang', 1669, 1, 102, 'Indonesia'),
(21486, 'Jayapura', 1669, 1, 102, 'Indonesia'),
(21487, 'Sukabumi', 1669, 1, 102, 'Indonesia'),
(21488, 'Tomohon', 1669, 1, 102, 'Indonesia'),
(21489, 'Palu', 1669, 1, 102, 'Indonesia'),
(21490, 'Bogor', 1669, 1, 102, 'Indonesia'),
(21493, 'Bekasi', 1670, 1, 102, 'Indonesia'),
(21497, 'Jakarta', 1673, 1, 102, 'Indonesia'),
(21503, 'Bandar Lampung', 1683, 1, 102, 'Indonesia'),
(21504, 'Kota Bumi', 1683, 1, 102, 'Indonesia'),
(21509, 'Ambon', 1684, 1, 102, 'Indonesia'),
(21519, 'Sorong', 1688, 1, 102, 'Indonesia'),
(21524, 'Pekan Baru', 1689, 1, 102, 'Indonesia'),
(21875, 'Ennis', 1752, 1, 105, 'Ireland'),
(21876, 'Kilkee', 1752, 1, 105, 'Ireland'),
(21879, 'Shannon', 1752, 1, 105, 'Ireland'),
(21881, 'Bantry', 1753, 1, 105, 'Ireland'),
(21882, 'Blarney', 1753, 1, 105, 'Ireland'),
(21885, 'Clonakilty', 1753, 1, 105, 'Ireland'),
(21886, 'Cobh', 1753, 1, 105, 'Ireland'),
(21887, 'Cork', 1753, 1, 105, 'Ireland'),
(21892, 'Kinsale', 1753, 1, 105, 'Ireland'),
(21900, 'Youghal', 1753, 1, 105, 'Ireland'),
(21908, 'Letterkenny', 1754, 1, 105, 'Ireland'),
(21913, 'Dublin', 1755, 1, 105, 'Ireland'),
(21916, 'Malahide', 1755, 1, 105, 'Ireland'),
(21917, 'Portrane', 1755, 1, 105, 'Ireland'),
(21921, 'Swords', 1755, 1, 105, 'Ireland'),
(21924, 'Clifden', 1756, 1, 105, 'Ireland'),
(21925, 'Galway', 1756, 1, 105, 'Ireland'),
(21932, 'Dingle', 1757, 1, 105, 'Ireland'),
(21933, 'Kenmare', 1757, 1, 105, 'Ireland'),
(21936, 'Listowel', 1757, 1, 105, 'Ireland'),
(21937, 'Tralee', 1757, 1, 105, 'Ireland'),
(21944, 'Maynooth', 1758, 1, 105, 'Ireland'),
(21950, 'Kilkenny', 1759, 1, 105, 'Ireland'),
(21958, 'Carrick-on-Shannon', 1762, 1, 105, 'Ireland'),
(21961, 'Limerick', 1763, 1, 105, 'Ireland'),
(21968, 'Drogheda', 1766, 1, 105, 'Ireland'),
(21970, 'Dundalk', 1766, 1, 105, 'Ireland'),
(21977, 'Westport', 1767, 1, 105, 'Ireland'),
(21980, 'Dunboyne', 1768, 1, 105, 'Ireland'),
(21982, 'Kells', 1768, 1, 105, 'Ireland'),
(21985, 'Trim', 1768, 1, 105, 'Ireland'),
(21988, 'Clonmel', 1769, 1, 105, 'Ireland'),
(21993, 'Edenderry', 1770, 1, 105, 'Ireland'),
(22000, 'Sligo', 1772, 1, 105, 'Ireland'),
(22002, 'Downpatrick', 1775, 1, 105, 'Ireland'),
(22003, 'Dungarvan', 1776, 1, 105, 'Ireland'),
(22004, 'Tramore', 1776, 1, 105, 'Ireland'),
(22005, 'Waterford', 1776, 1, 105, 'Ireland'),
(22006, 'Athlone', 1777, 1, 105, 'Ireland'),
(22007, 'Mullingar', 1777, 1, 105, 'Ireland'),
(24112, 'Tokyo', 1918, 1, 109, 'Japan'),
(24113, 'Nagasaki', 1918, 1, 109, 'Japan'),
(24118, 'Fujioka', 1918, 1, 109, 'Japan'),
(24160, 'Takahama', 1918, 1, 109, 'Japan'),
(24181, 'Yokote', 1919, 1, 109, 'Japan'),
(24183, 'Aomori', 1920, 1, 109, 'Japan'),
(24198, 'Nagoyo', 1921, 1, 109, 'Japan'),
(24204, 'Kamagaya', 1921, 1, 109, 'Japan'),
(24211, 'Matsudo', 1921, 1, 109, 'Japan'),
(24214, 'Nara', 1921, 1, 109, 'Japan'),
(24215, 'Narita', 1921, 1, 109, 'Japan'),
(24244, 'Matsuyama', 1922, 1, 109, 'Japan'),
(24253, 'Fukui', 1923, 1, 109, 'Japan'),
(24269, 'Fukuoka', 1924, 1, 109, 'Japan'),
(24277, 'Kawasaki', 1924, 1, 109, 'Japan'),
(24278, 'Kitakyushu', 1924, 1, 109, 'Japan'),
(24346, 'Takayama', 1926, 1, 109, 'Japan'),
(24352, 'Fujimi', 1927, 1, 109, 'Japan'),
(24368, 'Shibukawa', 1927, 1, 109, 'Japan'),
(24369, 'Takasaki', 1927, 1, 109, 'Japan'),
(24377, 'Higashihiroshima', 1928, 1, 109, 'Japan'),
(24378, 'Hiroshima', 1928, 1, 109, 'Japan'),
(24404, 'Furano', 1929, 1, 109, 'Japan'),
(24405, 'Hakodate', 1929, 1, 109, 'Japan'),
(24425, 'Otaru', 1929, 1, 109, 'Japan'),
(24428, 'Sapporo', 1929, 1, 109, 'Japan'),
(24431, 'Shizunai', 1929, 1, 109, 'Japan'),
(24447, 'Himeji', 1930, 1, 109, 'Japan'),
(24454, 'Kobe', 1930, 1, 109, 'Japan'),
(24522, 'Kanazawa', 1932, 1, 109, 'Japan'),
(24549, 'Shizukuishi', 1933, 1, 109, 'Japan'),
(24572, 'Kagoshima', 1935, 1, 109, 'Japan'),
(24582, 'Sendai', 1935, 1, 109, 'Japan'),
(24591, 'Fujisawa', 1936, 1, 109, 'Japan'),
(24593, 'Hakone', 1936, 1, 109, 'Japan'),
(24597, 'Kamakura', 1936, 1, 109, 'Japan'),
(24610, 'Yokohama', 1936, 1, 109, 'Japan'),
(24619, 'Kochi', 1938, 1, 109, 'Japan'),
(24656, 'Kyoto', 1940, 1, 109, 'Japan'),
(24666, 'Ise', 1941, 1, 109, 'Japan'),
(25947, 'Aizkraukle', 2117, 1, 120, 'Latvia'),
(25948, 'Jaunjelgava', 2117, 1, 120, 'Latvia'),
(25950, 'Aluksne', 2118, 1, 120, 'Latvia'),
(25951, 'Ape', 2118, 1, 120, 'Latvia'),
(25952, 'Balvi', 2119, 1, 120, 'Latvia'),
(25954, 'Bauska', 2120, 1, 120, 'Latvia'),
(25955, 'Cesis', 2121, 1, 120, 'Latvia'),
(25956, 'Ligatne', 2121, 1, 120, 'Latvia'),
(25962, 'Dobele', 2124, 1, 120, 'Latvia'),
(25963, 'Gulbene', 2125, 1, 120, 'Latvia'),
(25965, 'Jekabspils', 2126, 1, 120, 'Latvia'),
(25970, 'Kraslava', 2130, 1, 120, 'Latvia'),
(25971, 'Kuldiga', 2131, 1, 120, 'Latvia'),
(25972, 'Skrunda', 2131, 1, 120, 'Latvia'),
(25973, 'Liepaja', 2132, 1, 120, 'Latvia'),
(25974, 'Aizpute', 2133, 1, 120, 'Latvia'),
(25975, 'Durbe', 2133, 1, 120, 'Latvia'),
(25976, 'Grobina', 2133, 1, 120, 'Latvia'),
(25977, 'Pavilosta', 2133, 1, 120, 'Latvia'),
(25982, 'Salacgriva', 2134, 1, 120, 'Latvia'),
(25985, 'Ludza', 2135, 1, 120, 'Latvia'),
(25986, 'Zilupe', 2135, 1, 120, 'Latvia'),
(25989, 'Madona', 2136, 1, 120, 'Latvia'),
(25991, 'Ikskile', 2137, 1, 120, 'Latvia'),
(25995, 'Ogre', 2137, 1, 120, 'Latvia'),
(25996, 'Livani', 2138, 1, 120, 'Latvia'),
(25998, 'Rezekne', 2139, 1, 120, 'Latvia'),
(26000, 'Riga', 2141, 1, 120, 'Latvia'),
(26112, 'Vilnius', 2218, 1, 126, 'Lithuania'),
(26114, 'Druskininkai', 2218, 1, 126, 'Lithuania'),
(26115, 'Lazdijai', 2218, 1, 126, 'Lithuania'),
(26119, 'Anyksciai', 2219, 1, 126, 'Lithuania'),
(26121, 'Birshtonas', 2220, 1, 126, 'Lithuania'),
(26124, 'Garliava', 2220, 1, 126, 'Lithuania'),
(26126, 'Jonava', 2220, 1, 126, 'Lithuania'),
(26129, 'Kaunas', 2220, 1, 126, 'Lithuania'),
(26130, 'Kedainiai', 2220, 1, 126, 'Lithuania'),
(26133, 'Raseiniai', 2220, 1, 126, 'Lithuania'),
(26134, 'Vilkija', 2220, 1, 126, 'Lithuania'),
(26136, 'Gargzhdai', 2221, 1, 126, 'Lithuania'),
(26137, 'Klaipeda', 2221, 1, 126, 'Lithuania'),
(26138, 'Kretinga', 2221, 1, 126, 'Lithuania'),
(26141, 'Palanga', 2221, 1, 126, 'Lithuania'),
(26142, 'Panemune', 2221, 1, 126, 'Lithuania'),
(26147, 'Skuodas', 2221, 1, 126, 'Lithuania'),
(26150, 'Kalvarija', 2222, 1, 126, 'Lithuania'),
(26152, 'Kudirkos Naumiestis', 2222, 1, 126, 'Lithuania'),
(26154, 'Marijampole', 2222, 1, 126, 'Lithuania'),
(26156, 'Vilkavishkis', 2222, 1, 126, 'Lithuania'),
(26158, 'Birzhai', 2223, 1, 126, 'Lithuania'),
(26168, 'Rokishkis', 2223, 1, 126, 'Lithuania'),
(26169, 'Subachius', 2223, 1, 126, 'Lithuania'),
(26172, 'Akmene', 2225, 1, 126, 'Lithuania'),
(26175, 'Kurshenai', 2225, 1, 126, 'Lithuania'),
(26256, 'Mamer', 2231, 1, 127, 'Luxembourg'),
(26277, 'Clervaux', 2232, 1, 127, 'Luxembourg'),
(26296, 'Holler', 2232, 1, 127, 'Luxembourg'),
(26309, 'Niederwampach-Schimpach', 2232, 1, 127, 'Luxembourg'),
(26320, 'Troisvierges', 2232, 1, 127, 'Luxembourg'),
(26334, 'Diekirch', 2233, 1, 127, 'Luxembourg'),
(26338, 'Ettelbruck', 2233, 1, 127, 'Luxembourg'),
(26350, 'Michelau', 2233, 1, 127, 'Luxembourg'),
(26363, 'Trier', 2234, 1, 127, 'Luxembourg'),
(26364, 'Beaufort', 2234, 1, 127, 'Luxembourg'),
(26366, 'Berdorf', 2234, 1, 127, 'Luxembourg'),
(26369, 'Boursdorf', 2234, 1, 127, 'Luxembourg'),
(26372, 'Consdorf', 2234, 1, 127, 'Luxembourg'),
(26375, 'Echternach', 2234, 1, 127, 'Luxembourg'),
(26398, 'Belvaux', 2235, 1, 127, 'Luxembourg'),
(26401, 'Bettembourg', 2235, 1, 127, 'Luxembourg'),
(26404, 'Differdange', 2235, 1, 127, 'Luxembourg'),
(26405, 'Dudelange', 2235, 1, 127, 'Luxembourg'),
(26408, 'Esch-Alzette', 2235, 1, 127, 'Luxembourg'),
(26415, 'Kayl', 2235, 1, 127, 'Luxembourg'),
(26419, 'Leudelange', 2235, 1, 127, 'Luxembourg'),
(26427, 'Petange', 2235, 1, 127, 'Luxembourg'),
(26431, 'Rodange', 2235, 1, 127, 'Luxembourg'),
(26433, 'Roeser', 2235, 1, 127, 'Luxembourg'),
(26434, 'Rumelange', 2235, 1, 127, 'Luxembourg'),
(26436, 'Schifflange', 2235, 1, 127, 'Luxembourg'),
(26454, 'Ehnen', 2236, 1, 127, 'Luxembourg'),
(26459, 'Gonderange', 2236, 1, 127, 'Luxembourg'),
(26462, 'Grevenmacher', 2236, 1, 127, 'Luxembourg'),
(26465, 'Junglinster', 2236, 1, 127, 'Luxembourg'),
(26485, 'Bertrange', 2237, 1, 127, 'Luxembourg'),
(26493, 'Hesperange', 2237, 1, 127, 'Luxembourg'),
(26507, 'Sandweiler', 2237, 1, 127, 'Luxembourg'),
(26513, 'Strassen', 2237, 1, 127, 'Luxembourg'),
(26517, 'Walferdange', 2237, 1, 127, 'Luxembourg'),
(26522, 'Bissen', 2238, 1, 127, 'Luxembourg'),
(26541, 'Larochette', 2238, 1, 127, 'Luxembourg'),
(26545, 'Mersch', 2238, 1, 127, 'Luxembourg'),
(26575, 'Eschette', 2239, 1, 127, 'Luxembourg'),
(26917, 'Bandar Maharani', 2307, 1, 132, 'Malaysia'),
(26922, 'Johor Bahru', 2307, 1, 132, 'Malaysia'),
(26925, 'Kota Tinggi', 2307, 1, 132, 'Malaysia'),
(26930, 'Mersing', 2307, 1, 132, 'Malaysia'),
(26935, 'Segamat', 2307, 1, 132, 'Malaysia'),
(26942, 'Alor Setar', 2308, 1, 132, 'Malaysia'),
(26948, 'Kuala Kedah', 2308, 1, 132, 'Malaysia'),
(26954, 'Kota Bahru', 2309, 1, 132, 'Malaysia'),
(26955, 'Kuala Krai', 2309, 1, 132, 'Malaysia'),
(26956, 'Pangkal Kalong', 2309, 1, 132, 'Malaysia'),
(26959, 'Tanah Merah', 2309, 1, 132, 'Malaysia'),
(26966, 'Batu Berendam', 2312, 1, 132, 'Malaysia'),
(26971, 'Kuala Sungai Baru', 2312, 1, 132, 'Malaysia'),
(26972, 'Malacca', 2312, 1, 132, 'Malaysia'),
(26973, 'Masjid Tanah', 2312, 1, 132, 'Malaysia'),
(26983, 'Kuantan', 2315, 1, 132, 'Malaysia'),
(26991, 'George Town', 2316, 1, 132, 'Malaysia'),
(26996, 'Ipoh', 2317, 1, 132, 'Malaysia'),
(27009, 'Taiping', 2317, 1, 132, 'Malaysia'),
(27010, 'Tanjong Malim', 2317, 1, 132, 'Malaysia'),
(27012, 'Teluk Intan', 2317, 1, 132, 'Malaysia'),
(27013, 'Kangar', 2318, 1, 132, 'Malaysia'),
(27017, 'Keningau', 2320, 1, 132, 'Malaysia'),
(27020, 'Kota Kinabalu', 2320, 1, 132, 'Malaysia'),
(27024, 'Papar', 2320, 1, 132, 'Malaysia'),
(27027, 'Sandakan', 2320, 1, 132, 'Malaysia'),
(27028, 'Semporna', 2320, 1, 132, 'Malaysia'),
(27030, 'Batu Delapan Bazaar', 2321, 1, 132, 'Malaysia'),
(27033, 'Kota Samarahan', 2321, 1, 132, 'Malaysia'),
(27034, 'Kuching', 2321, 1, 132, 'Malaysia'),
(27036, 'Miri', 2321, 1, 132, 'Malaysia'),
(27260, 'Gharghur', 2357, 1, 135, 'Malta'),
(27261, 'Mellieha', 2357, 1, 135, 'Malta'),
(27262, 'Mgarr', 2357, 1, 135, 'Malta'),
(27263, 'Mosta', 2357, 1, 135, 'Malta'),
(27264, 'Naxxar', 2357, 1, 135, 'Malta'),
(27265, 'San Pawl il-Bahar', 2357, 1, 135, 'Malta'),
(27266, 'L-Iklin', 2360, 1, 135, 'Malta'),
(27267, 'Attard', 2361, 1, 135, 'Malta'),
(27268, 'Balzan', 2361, 1, 135, 'Malta'),
(27269, 'Dingli', 2361, 1, 135, 'Malta'),
(27270, 'Iklin', 2361, 1, 135, 'Malta'),
(27271, 'Lija', 2361, 1, 135, 'Malta'),
(27272, 'Mdina', 2361, 1, 135, 'Malta'),
(27273, 'Rabat', 2361, 1, 135, 'Malta'),
(27274, 'Sighghiewi', 2361, 1, 135, 'Malta'),
(27275, 'Zebbug', 2361, 1, 135, 'Malta'),
(27566, 'Aguascalientes', 2427, 1, 142, 'Mexico'),
(27576, 'San Francisco de los Romo', 2427, 1, 142, 'Mexico'),
(27602, 'Acapetahua', 2431, 1, 142, 'Mexico'),
(27637, 'Ixtapa', 2431, 1, 142, 'Mexico'),
(27649, 'Mazatan', 2431, 1, 142, 'Mexico'),
(27666, 'Puerto Madero', 2431, 1, 142, 'Mexico'),
(27692, 'Tuxtla Chico', 2431, 1, 142, 'Mexico'),
(27693, 'Tuxtla Gutierrez', 2431, 1, 142, 'Mexico'),
(27709, 'Chihuahua', 2432, 1, 142, 'Mexico'),
(27718, 'Hermenegildo Galeana', 2432, 1, 142, 'Mexico'),
(27744, 'Allende', 2433, 1, 142, 'Mexico'),
(27784, 'Manzanillo', 2434, 1, 142, 'Mexico'),
(27793, 'Durango', 2436, 1, 142, 'Mexico'),
(27795, 'Guadalupe Victoria', 2436, 1, 142, 'Mexico'),
(27838, 'Guanajuato', 2438, 1, 142, 'Mexico'),
(29548, 'Fontvieille', 2477, 1, 145, 'Monaco'),
(29549, 'Monaco-Ville', 2479, 1, 145, 'Monaco'),
(30697, 'Umuahia', 2647, 1, 160, 'Nigeria'),
(30713, 'Yola', 2649, 1, 160, 'Nigeria'),
(30717, 'Awka', 2651, 1, 160, 'Nigeria'),
(30731, 'Bauchi', 2652, 1, 160, 'Nigeria'),
(30748, 'Katsina-Ala', 2654, 1, 160, 'Nigeria'),
(30749, 'Makurdi', 2654, 1, 160, 'Nigeria'),
(30775, 'Asaba', 2657, 1, 160, 'Nigeria'),
(30783, 'Abakaliki', 2658, 1, 160, 'Nigeria'),
(30790, 'Benin', 2659, 1, 160, 'Nigeria'),
(30798, 'Ado', 2660, 1, 160, 'Nigeria'),
(30822, 'Nsukka', 2661, 1, 160, 'Nigeria'),
(30840, 'Owerri', 2663, 1, 160, 'Nigeria'),
(30842, 'Birnin Kudu', 2664, 1, 160, 'Nigeria'),
(30933, 'Katsina', 2667, 1, 160, 'Nigeria'),
(30945, 'Birnin Kebbi', 2668, 1, 160, 'Nigeria'),
(30946, 'Birnin Yauri', 2668, 1, 160, 'Nigeria'),
(30959, 'Ajaokuta', 2669, 1, 160, 'Nigeria'),
(30966, 'Lokoja', 2669, 1, 160, 'Nigeria'),
(30972, 'Ilorin', 2670, 1, 160, 'Nigeria'),
(30975, 'Lafiagi', 2670, 1, 160, 'Nigeria'),
(30983, 'Ikeja', 2671, 1, 160, 'Nigeria'),
(30985, 'Lagos', 2671, 1, 160, 'Nigeria'),
(30993, 'Lafia', 2672, 1, 160, 'Nigeria'),
(31006, 'Minna', 2673, 1, 160, 'Nigeria'),
(31011, 'Suleja', 2673, 1, 160, 'Nigeria'),
(31028, 'Akure', 2675, 1, 160, 'Nigeria'),
(31042, 'Ife', 2676, 1, 160, 'Nigeria'),
(31064, 'Ibadan', 2677, 1, 160, 'Nigeria'),
(31075, 'Oyo', 2677, 1, 160, 'Nigeria'),
(31081, 'Jos', 2678, 1, 160, 'Nigeria'),
(31122, 'Jalingo', 2681, 1, 160, 'Nigeria'),
(31137, 'Potiskum', 2682, 1, 160, 'Nigeria'),
(31168, 'Asker', 2690, 1, 164, 'Norway'),
(31173, 'Lillestrom', 2690, 1, 164, 'Norway'),
(31178, 'Sandvika', 2690, 1, 164, 'Norway'),
(31181, 'Drammen', 2693, 1, 164, 'Norway'),
(31184, 'Kongsberg', 2693, 1, 164, 'Norway'),
(31190, 'Brumunddal', 2695, 1, 164, 'Norway'),
(31192, 'Hamar', 2695, 1, 164, 'Norway'),
(31194, 'Rena', 2695, 1, 164, 'Norway'),
(31199, 'Straume', 2696, 1, 164, 'Norway'),
(31202, 'Bodo', 2699, 1, 164, 'Norway'),
(31204, 'Narvik', 2699, 1, 164, 'Norway'),
(31208, 'Steigen', 2699, 1, 164, 'Norway'),
(31211, 'Halden', 2700, 1, 164, 'Norway'),
(31214, 'Mysen', 2700, 1, 164, 'Norway'),
(31222, 'Egersund', 2703, 1, 164, 'Norway'),
(31226, 'Sola', 2703, 1, 164, 'Norway'),
(31228, 'Stavern', 2706, 1, 164, 'Norway'),
(31230, 'Notodden', 2708, 1, 164, 'Norway'),
(31235, 'Horten', 2711, 1, 164, 'Norway'),
(31237, 'Larvik', 2711, 1, 164, 'Norway'),
(31273, 'Karachi', 2723, 1, 166, 'Pakistan'),
(31276, 'Chaman', 2723, 1, 166, 'Pakistan'),
(31279, 'Dera Allah Yar', 2723, 1, 166, 'Pakistan'),
(31281, 'Peshawar', 2723, 1, 166, 'Pakistan'),
(31285, 'Gwadar', 2723, 1, 166, 'Pakistan'),
(31300, 'Quetta', 2723, 1, 166, 'Pakistan'),
(5749, 'Amritsar', 2728, 1, 166, 'Pakistan'),
(5812, 'Hariana', 2728, 1, 166, 'Pakistan'),
(5818, 'Jalandhar', 2728, 1, 166, 'Pakistan'),
(31316, 'Ahmedabad', 2728, 1, 166, 'Pakistan'),
(31323, 'Bahawalnagar', 2728, 1, 166, 'Pakistan'),
(31324, 'Bahawalpur', 2728, 1, 166, 'Pakistan'),
(31333, 'Burewala', 2728, 1, 166, 'Pakistan'),
(31337, 'Chakwal', 2728, 1, 166, 'Pakistan'),
(31340, 'Chiniot', 2728, 1, 166, 'Pakistan'),
(31362, 'Faisalabad', 2728, 1, 166, 'Pakistan'),
(31375, 'Gujranwala', 2728, 1, 166, 'Pakistan'),
(31419, 'Kasur', 2728, 1, 166, 'Pakistan'),
(31461, 'Mianwali', 2728, 1, 166, 'Pakistan'),
(31464, 'Multan', 2728, 1, 166, 'Pakistan'),
(31496, 'Rawalpindi', 2728, 1, 166, 'Pakistan'),
(31500, 'Sadiqabad', 2728, 1, 166, 'Pakistan'),
(31510, 'Sargodha', 2728, 1, 166, 'Pakistan'),
(31734, 'Boqueron', 2764, 1, 169, 'Panama'),
(31736, 'David', 2764, 1, 169, 'Panama'),
(31738, 'Gualaca', 2764, 1, 169, 'Panama'),
(31741, 'Puerto Armuelles', 2764, 1, 169, 'Panama'),
(31743, 'Rio Sereno', 2764, 1, 169, 'Panama'),
(31745, 'Aguadulce', 2765, 1, 169, 'Panama'),
(31746, 'Anton', 2765, 1, 169, 'Panama'),
(31750, 'Penonome', 2765, 1, 169, 'Panama'),
(31751, 'Colon', 2766, 1, 169, 'Panama'),
(31757, 'La Palma', 2767, 1, 169, 'Panama'),
(31760, 'Chitre', 2769, 1, 169, 'Panama'),
(31763, 'Ocu', 2769, 1, 169, 'Panama'),
(31764, 'Parita', 2769, 1, 169, 'Panama'),
(31769, 'Chame', 2773, 1, 169, 'Panama'),
(31770, 'Chepo', 2773, 1, 169, 'Panama'),
(31772, 'La Chorrera', 2773, 1, 169, 'Panama'),
(31773, 'Panama', 2773, 1, 169, 'Panama'),
(31779, 'Calobre', 2774, 1, 169, 'Panama'),
(31986, 'Bagua Grande', 2812, 1, 172, 'Peru'),
(32004, 'Abancay', 2814, 1, 172, 'Peru'),
(32009, 'Arequipa', 2815, 1, 172, 'Peru'),
(32021, 'Ayacucho', 2816, 1, 172, 'Peru'),
(32024, 'Huanta', 2816, 1, 172, 'Peru'),
(32045, 'Cusco', 2818, 1, 172, 'Peru'),
(32053, 'Urubamba', 2818, 1, 172, 'Peru'),
(32069, 'Nazca', 2821, 1, 172, 'Peru'),
(32071, 'Palpa', 2821, 1, 172, 'Peru'),
(32084, 'Chanchamayo', 2822, 1, 172, 'Peru'),
(32087, 'Huancayo', 2822, 1, 172, 'Peru'),
(32117, 'Lambayeque', 2824, 1, 172, 'Peru'),
(32144, 'Yurimaguas', 2826, 1, 172, 'Peru'),
(32145, 'Ilo', 2828, 1, 172, 'Peru'),
(32146, 'Moquegua', 2828, 1, 172, 'Peru'),
(32149, 'Cerro de Pasco', 2829, 1, 172, 'Peru'),
(32161, 'Catacaos', 2830, 1, 172, 'Peru'),
(32162, 'Chulucanas', 2830, 1, 172, 'Peru'),
(32170, 'La Huaca', 2830, 1, 172, 'Peru'),
(32175, 'Mancora', 2830, 1, 172, 'Peru'),
(32178, 'Paita', 2830, 1, 172, 'Peru'),
(32195, 'Lima', 2831, 1, 172, 'Peru'),
(32213, 'Tumbes', 2834, 1, 172, 'Peru'),
(32258, 'Brzeg Dolny', 2862, 1, 175, 'Poland'),
(32266, 'Jelenia Gora', 2862, 1, 175, 'Poland'),
(32268, 'Klodzko', 2862, 1, 175, 'Poland'),
(32284, 'Swidnica', 2862, 1, 175, 'Poland'),
(32302, 'Bydgoszcz', 2868, 1, 175, 'Poland'),
(32308, 'Inowroclaw', 2868, 1, 175, 'Poland'),
(32321, 'Torun', 2868, 1, 175, 'Poland'),
(32348, 'Wielun', 2869, 1, 175, 'Poland'),
(32352, 'Biala Podlaska', 2870, 1, 175, 'Poland'),
(32362, 'Lublin', 2870, 1, 175, 'Poland'),
(32374, 'Zamosc', 2870, 1, 175, 'Poland'),
(32376, 'Gorzow Wielkopolski', 2871, 1, 175, 'Poland'),
(32394, 'Zielona Gora', 2871, 1, 175, 'Poland'),
(32416, 'Oswiecim', 2873, 1, 175, 'Poland'),
(32425, 'Wieliczka', 2873, 1, 175, 'Poland'),
(32427, 'Zakopane', 2873, 1, 175, 'Poland'),
(32432, 'Gora Kalwaria', 2874, 1, 175, 'Poland'),
(32505, 'Przemysl', 2878, 1, 175, 'Poland'),
(32533, 'Gdansk', 2881, 1, 175, 'Poland'),
(32539, 'Malbork', 2881, 1, 175, 'Poland'),
(32546, 'Slupsk', 2881, 1, 175, 'Poland'),
(32547, 'Sopot', 2881, 1, 175, 'Poland'),
(32575, 'Katowice', 2886, 1, 175, 'Poland'),
(32581, 'Mikolow', 2886, 1, 175, 'Poland'),
(32612, 'Kielce', 2888, 1, 175, 'Poland'),
(32617, 'Sandomierz', 2888, 1, 175, 'Poland'),
(32629, 'Elk', 2889, 1, 175, 'Poland'),
(32630, 'Gizycko', 2889, 1, 175, 'Poland'),
(32633, 'Ketrzyn', 2889, 1, 175, 'Poland'),
(32638, 'Nidzica', 2889, 1, 175, 'Poland'),
(32646, 'Szczytno', 2889, 1, 175, 'Poland'),
(32650, 'Warsaw', 2890, 1, 175, 'Poland'),
(32654, 'Gniezno', 2892, 1, 175, 'Poland'),
(32660, 'Kolo', 2892, 1, 175, 'Poland'),
(32699, 'Goleniow', 2894, 1, 175, 'Poland'),
(32714, 'Swinoujscie', 2894, 1, 175, 'Poland'),
(32721, 'Tramagal', 2896, 1, 176, 'Portugal'),
(32724, 'Faja de Baixo', 2897, 1, 176, 'Portugal'),
(32727, 'Ponta Delgada', 2897, 1, 176, 'Portugal'),
(32728, 'Praia da Vitoria', 2897, 1, 176, 'Portugal'),
(32731, 'Rosto do Cao', 2897, 1, 176, 'Portugal'),
(32732, 'Vila Franca do Campo', 2897, 1, 176, 'Portugal'),
(32733, 'Alcacer do Sal', 2898, 1, 176, 'Portugal'),
(32734, 'Aljustrel', 2898, 1, 176, 'Portugal'),
(32735, 'Beja', 2898, 1, 176, 'Portugal');
INSERT INTO `cities` (`city_id`, `city_name`, `state_id`, `status`, `country_id`, `country_name`) VALUES
(32736, 'Borba', 2898, 1, 176, 'Portugal'),
(32737, 'Caia e Sao Pedro', 2898, 1, 176, 'Portugal'),
(32740, 'Cercal', 2898, 1, 176, 'Portugal'),
(32741, 'Elvas', 2898, 1, 176, 'Portugal'),
(32744, 'Ferreira do Alentejo', 2898, 1, 176, 'Portugal'),
(32745, 'Grandola', 2898, 1, 176, 'Portugal'),
(32746, 'Montemor-o-Novo', 2898, 1, 176, 'Portugal'),
(32747, 'Moura', 2898, 1, 176, 'Portugal'),
(32750, 'Portalegre', 2898, 1, 176, 'Portugal'),
(32751, 'Redondo', 2898, 1, 176, 'Portugal'),
(32752, 'Reguengos de Monsaraz', 2898, 1, 176, 'Portugal'),
(32755, 'Sao Teotonio', 2898, 1, 176, 'Portugal'),
(32756, 'Serpa', 2898, 1, 176, 'Portugal'),
(32757, 'Sines', 2898, 1, 176, 'Portugal'),
(32758, 'Vendas Novas', 2898, 1, 176, 'Portugal'),
(32761, 'Albufeira', 2899, 1, 176, 'Portugal'),
(32762, 'Aljezur', 2899, 1, 176, 'Portugal'),
(32763, 'Almancil', 2899, 1, 176, 'Portugal'),
(32764, 'Alvor', 2899, 1, 176, 'Portugal'),
(32765, 'Armacao de Pera', 2899, 1, 176, 'Portugal'),
(32768, 'Estombar', 2899, 1, 176, 'Portugal'),
(32769, 'Faro', 2899, 1, 176, 'Portugal'),
(32770, 'Ferreiras', 2899, 1, 176, 'Portugal'),
(32771, 'Guia', 2899, 1, 176, 'Portugal'),
(32772, 'Lagoa', 2899, 1, 176, 'Portugal'),
(32775, 'Luz', 2899, 1, 176, 'Portugal'),
(32776, 'Moncarapacho', 2899, 1, 176, 'Portugal'),
(32777, 'Monchique', 2899, 1, 176, 'Portugal'),
(32780, 'Olhao', 2899, 1, 176, 'Portugal'),
(32781, 'Portimao', 2899, 1, 176, 'Portugal'),
(32782, 'Quarteira', 2899, 1, 176, 'Portugal'),
(32783, 'Santa Barbara de Nexe', 2899, 1, 176, 'Portugal'),
(32784, 'Sao Bartolomeu de Messines', 2899, 1, 176, 'Portugal'),
(32785, 'Sao Bras de Alportel', 2899, 1, 176, 'Portugal'),
(32788, 'Vila Real de Santo Antonio', 2899, 1, 176, 'Portugal'),
(32789, 'Fafe', 2900, 1, 176, 'Portugal'),
(32792, 'Abraveses', 2901, 1, 176, 'Portugal'),
(32793, 'Aguada de Cima', 2901, 1, 176, 'Portugal'),
(32794, 'Agueda', 2901, 1, 176, 'Portugal'),
(32797, 'Alhadas', 2901, 1, 176, 'Portugal'),
(32800, 'Arazede', 2901, 1, 176, 'Portugal'),
(32801, 'Arcos', 2901, 1, 176, 'Portugal'),
(32804, 'Aveiro', 2901, 1, 176, 'Portugal'),
(32805, 'Batalha', 2901, 1, 176, 'Portugal'),
(32806, 'Beduido', 2901, 1, 176, 'Portugal'),
(32807, 'Branca', 2901, 1, 176, 'Portugal'),
(32810, 'Cantanhede', 2901, 1, 176, 'Portugal'),
(32811, 'Caranguejeira', 2901, 1, 176, 'Portugal'),
(32814, 'Castro Daire', 2901, 1, 176, 'Portugal'),
(32815, 'Coimbra', 2901, 1, 176, 'Portugal'),
(32816, 'Condeixa-A-Nova', 2901, 1, 176, 'Portugal'),
(32819, 'Eixo', 2901, 1, 176, 'Portugal'),
(32820, 'Esmoriz', 2901, 1, 176, 'Portugal'),
(32821, 'Figueira da Foz', 2901, 1, 176, 'Portugal'),
(32824, 'Gafanha da Nazare', 2901, 1, 176, 'Portugal'),
(32825, 'Guarda', 2901, 1, 176, 'Portugal'),
(32828, 'Leiria', 2901, 1, 176, 'Portugal'),
(32829, 'Lorvao', 2901, 1, 176, 'Portugal'),
(32830, 'Lourical', 2901, 1, 176, 'Portugal'),
(32833, 'Mangualde', 2901, 1, 176, 'Portugal'),
(32834, 'Marinha Grande', 2901, 1, 176, 'Portugal'),
(32837, 'Mira de Aire', 2901, 1, 176, 'Portugal'),
(32840, 'Nelas', 2901, 1, 176, 'Portugal'),
(32843, 'Oliveira do Hospital', 2901, 1, 176, 'Portugal'),
(32844, 'Oliveirinha', 2901, 1, 176, 'Portugal'),
(32847, 'Pardilho', 2901, 1, 176, 'Portugal'),
(32852, 'Rio de Loba', 2901, 1, 176, 'Portugal'),
(32853, 'Salreu', 2901, 1, 176, 'Portugal'),
(32856, 'Sao Joao', 2901, 1, 176, 'Portugal'),
(32857, 'Sao Pedro do Sul', 2901, 1, 176, 'Portugal'),
(32858, 'Satao', 2901, 1, 176, 'Portugal'),
(32859, 'Seia', 2901, 1, 176, 'Portugal'),
(32862, 'Souto da Carpalhosa', 2901, 1, 176, 'Portugal'),
(32867, 'Vagos', 2901, 1, 176, 'Portugal'),
(32868, 'Valega', 2901, 1, 176, 'Portugal'),
(32869, 'Valongo do Vouga', 2901, 1, 176, 'Portugal'),
(32870, 'Vieira de Leiria', 2901, 1, 176, 'Portugal'),
(32873, 'Camara de Lobos', 2907, 1, 176, 'Portugal'),
(32874, 'Campanario', 2907, 1, 176, 'Portugal'),
(32877, 'Machico', 2907, 1, 176, 'Portugal'),
(32878, 'Ponta do Sol', 2907, 1, 176, 'Portugal'),
(32881, 'Santa Cruz', 2907, 1, 176, 'Portugal'),
(32884, 'Aguas Santas', 2908, 1, 176, 'Portugal'),
(32885, 'Agucadoura', 2908, 1, 176, 'Portugal'),
(32888, 'Amarante', 2908, 1, 176, 'Portugal'),
(32891, 'Apulia', 2908, 1, 176, 'Portugal'),
(32892, 'Arcozelo', 2908, 1, 176, 'Portugal'),
(32895, 'Aroes', 2908, 1, 176, 'Portugal'),
(32898, 'Aves', 2908, 1, 176, 'Portugal'),
(32899, 'Avintes', 2908, 1, 176, 'Portugal'),
(32902, 'Barcelos', 2908, 1, 176, 'Portugal'),
(32903, 'Barrosas', 2908, 1, 176, 'Portugal'),
(32906, 'Braganca', 2908, 1, 176, 'Portugal'),
(32909, 'Caldelas', 2908, 1, 176, 'Portugal'),
(32910, 'Calendario', 2908, 1, 176, 'Portugal'),
(32911, 'Campo', 2908, 1, 176, 'Portugal'),
(32923, 'Ermesinde', 2908, 1, 176, 'Portugal'),
(32924, 'Espinho', 2908, 1, 176, 'Portugal'),
(32925, 'Fafe', 2908, 1, 176, 'Portugal'),
(32926, 'Fanzeres', 2908, 1, 176, 'Portugal'),
(32927, 'Feira', 2908, 1, 176, 'Portugal'),
(32928, 'Ferreira', 2908, 1, 176, 'Portugal'),
(32932, 'Foz do Sousa', 2908, 1, 176, 'Portugal'),
(32933, 'Frazao', 2908, 1, 176, 'Portugal'),
(32934, 'Freamunde', 2908, 1, 176, 'Portugal'),
(32938, 'Godim', 2908, 1, 176, 'Portugal'),
(32942, 'Guifoes', 2908, 1, 176, 'Portugal'),
(32943, 'Guimaraes', 2908, 1, 176, 'Portugal'),
(32944, 'Gulpilhares', 2908, 1, 176, 'Portugal'),
(32945, 'Joane', 2908, 1, 176, 'Portugal'),
(32949, 'Leca da Palmeira', 2908, 1, 176, 'Portugal'),
(32950, 'Leca do Bailio', 2908, 1, 176, 'Portugal'),
(32951, 'Lobao', 2908, 1, 176, 'Portugal'),
(32955, 'Macedo de Cavaleiros', 2908, 1, 176, 'Portugal'),
(32956, 'Macieira de Cambra', 2908, 1, 176, 'Portugal'),
(32960, 'Marinhas', 2908, 1, 176, 'Portugal'),
(32961, 'Matosinhos', 2908, 1, 176, 'Portugal'),
(32965, 'Milheiros de Poiares', 2908, 1, 176, 'Portugal'),
(32966, 'Mirandela', 2908, 1, 176, 'Portugal'),
(32967, 'Mogadouro', 2908, 1, 176, 'Portugal'),
(32971, 'Negrelos', 2908, 1, 176, 'Portugal'),
(32972, 'Nogueira', 2908, 1, 176, 'Portugal'),
(32973, 'Nogueira da Regedoura', 2908, 1, 176, 'Portugal'),
(32974, 'Olival', 2908, 1, 176, 'Portugal'),
(32978, 'Pacos de Brandao', 2908, 1, 176, 'Portugal'),
(32979, 'Pacos de Ferreira', 2908, 1, 176, 'Portugal'),
(32986, 'Ponte', 2908, 1, 176, 'Portugal'),
(32987, 'Porto', 2908, 1, 176, 'Portugal'),
(32988, 'Povoa de Lanhoso', 2908, 1, 176, 'Portugal'),
(32989, 'Povoa de Varzim', 2908, 1, 176, 'Portugal'),
(32993, 'Refojos de Basto', 2908, 1, 176, 'Portugal'),
(32994, 'Ribeirao', 2908, 1, 176, 'Portugal'),
(32998, 'Sande', 2908, 1, 176, 'Portugal'),
(33002, 'Santiago da Riba-Ul', 2908, 1, 176, 'Portugal'),
(33003, 'Santo Tirso', 2908, 1, 176, 'Portugal'),
(33007, 'Sao Mamede de Infesta', 2908, 1, 176, 'Portugal'),
(33008, 'Sao Pedro da Cova', 2908, 1, 176, 'Portugal'),
(33009, 'Sao Pedro de Casteloes', 2908, 1, 176, 'Portugal'),
(33010, 'Sao Roque', 2908, 1, 176, 'Portugal'),
(33012, 'Senhora da Hora', 2908, 1, 176, 'Portugal'),
(33015, 'Serzedo', 2908, 1, 176, 'Portugal'),
(33018, 'Sobreira', 2908, 1, 176, 'Portugal'),
(33019, 'Souto', 2908, 1, 176, 'Portugal'),
(33022, 'Valadares', 2908, 1, 176, 'Portugal'),
(33025, 'Valongo', 2908, 1, 176, 'Portugal'),
(33026, 'Valpacos', 2908, 1, 176, 'Portugal'),
(33027, 'Viana do Castelo', 2908, 1, 176, 'Portugal'),
(33030, 'Vila Nova da Telha', 2908, 1, 176, 'Portugal'),
(33031, 'Vila Nova de Famalicao', 2908, 1, 176, 'Portugal'),
(33034, 'Vila Real', 2908, 1, 176, 'Portugal'),
(33037, 'Vila de Prado', 2908, 1, 176, 'Portugal'),
(33038, 'Vila do Conde', 2908, 1, 176, 'Portugal'),
(33041, 'Vilarinho', 2908, 1, 176, 'Portugal'),
(33042, 'Vilela', 2908, 1, 176, 'Portugal'),
(33043, 'Vizela', 2908, 1, 176, 'Portugal'),
(33093, 'Doha', 2920, 1, 178, 'Qatar'),
(33094, 'Umm Bab', 2921, 1, 178, 'Qatar'),
(33095, 'ad-Dawhah', 2923, 1, 178, 'Qatar'),
(33096, 'al-Ghuwayriyah', 2924, 1, 178, 'Qatar'),
(33097, 'Dukhan', 2925, 1, 178, 'Qatar'),
(33098, 'al-Jumayliyah', 2925, 1, 178, 'Qatar'),
(33099, 'al-Khawr', 2926, 1, 178, 'Qatar'),
(33100, 'Musay\'id', 2927, 1, 178, 'Qatar'),
(33101, 'al-Wakrah', 2927, 1, 178, 'Qatar'),
(33102, 'al-Wukayr', 2927, 1, 178, 'Qatar'),
(33103, 'ar-Rayyan', 2928, 1, 178, 'Qatar'),
(33104, 'ash-Shahaniyah', 2928, 1, 178, 'Qatar'),
(33105, 'ar-Ruways', 2929, 1, 178, 'Qatar'),
(33131, 'Alba Iulia', 2934, 1, 180, 'Romania'),
(33138, 'Bistra', 2934, 1, 180, 'Romania'),
(33191, 'Sebes', 2934, 1, 180, 'Romania'),
(33456, 'Targu Ocna', 2937, 1, 180, 'Romania'),
(33570, 'Ciceu-Giurgesti', 2939, 1, 180, 'Romania'),
(33624, 'Calarasi', 2940, 1, 180, 'Romania'),
(33712, 'Roman', 2941, 1, 180, 'Romania'),
(33735, 'Bran', 2942, 1, 180, 'Romania'),
(33745, 'Fagaras', 2942, 1, 180, 'Romania'),
(33762, 'Predeal', 2942, 1, 180, 'Romania'),
(33765, 'Rasnov', 2942, 1, 180, 'Romania'),
(33784, 'Bucharest', 2943, 1, 180, 'Romania'),
(33803, 'Cernatesti', 2944, 1, 180, 'Romania'),
(34074, 'Turda', 2947, 1, 180, 'Romania'),
(34106, 'Eforie', 2948, 1, 180, 'Romania'),
(34275, 'Bechet', 2951, 1, 180, 'Romania'),
(34314, 'Giurgita', 2951, 1, 180, 'Romania'),
(34575, 'Miercurea-Ciuc', 2955, 1, 180, 'Romania'),
(34629, 'Deva', 2956, 1, 180, 'Romania'),
(34841, 'Otopeni', 2959, 1, 180, 'Romania'),
(35064, 'Sighisoara', 2962, 1, 180, 'Romania'),
(35265, 'Azuga', 2965, 1, 180, 'Romania'),
(35281, 'Busteni', 2965, 1, 180, 'Romania'),
(35339, 'Sinaia', 2965, 1, 180, 'Romania'),
(35415, 'Zalau', 2966, 1, 180, 'Romania'),
(35791, 'Sulina', 2973, 1, 180, 'Romania'),
(35793, 'Tulcea', 2973, 1, 180, 'Romania'),
(36035, 'Barnaul', 2980, 1, 181, 'Russia'),
(36277, 'Gorno-Altajsk', 2995, 1, 181, 'Russia'),
(36385, 'Pereslavl-Zalesskij', 3003, 1, 181, 'Russia'),
(36386, 'Rostov', 3003, 1, 181, 'Russia'),
(36485, 'Novokuzneck', 3012, 1, 181, 'Russia'),
(36486, 'Novokuznetsk', 3012, 1, 181, 'Russia'),
(36718, 'Moscow', 3029, 1, 181, 'Russia'),
(36729, 'Murmansk', 3033, 1, 181, 'Russia'),
(36774, 'Novosibirsk', 3038, 1, 181, 'Russia'),
(36934, 'Rostov', 3048, 1, 181, 'Russia'),
(36935, 'Rostov-na-Donu', 3048, 1, 181, 'Russia'),
(36997, 'Samara', 3051, 1, 181, 'Russia'),
(37293, 'Suzdal', 3070, 1, 181, 'Russia'),
(37310, 'Nizhny Novgorod', 3071, 1, 181, 'Russia'),
(37541, 'Singapore', 3186, 1, 196, 'Singapore'),
(37542, 'Banska Bystrica', 3187, 1, 197, 'Slovakia'),
(37543, 'Banska Shtiavnica', 3187, 1, 197, 'Slovakia'),
(37557, 'Rimavska Sobota', 3187, 1, 197, 'Slovakia'),
(37558, 'Sliach', 3187, 1, 197, 'Slovakia'),
(37566, 'Zvolen', 3187, 1, 197, 'Slovakia'),
(37570, 'Malacky', 3188, 1, 197, 'Slovakia'),
(37571, 'Modra', 3188, 1, 197, 'Slovakia'),
(37572, 'Pezinok', 3188, 1, 197, 'Slovakia'),
(37573, 'Senec', 3188, 1, 197, 'Slovakia'),
(37576, 'Svaty Jur', 3188, 1, 197, 'Slovakia'),
(37585, 'Michalovce', 3189, 1, 197, 'Slovakia'),
(37597, 'Hurbanovo', 3190, 1, 197, 'Slovakia'),
(37598, 'Kolarovo', 3190, 1, 197, 'Slovakia'),
(37599, 'Komarno', 3190, 1, 197, 'Slovakia'),
(37601, 'Levice', 3190, 1, 197, 'Slovakia'),
(37605, 'Nitra', 3190, 1, 197, 'Slovakia'),
(37606, 'Nove Zamky', 3190, 1, 197, 'Slovakia'),
(37617, 'Bardejov', 3191, 1, 197, 'Slovakia'),
(37619, 'Humenne', 3191, 1, 197, 'Slovakia'),
(37625, 'Poprad', 3191, 1, 197, 'Slovakia'),
(37627, 'Presov', 3191, 1, 197, 'Slovakia'),
(37631, 'Spishska Nova Ves', 3191, 1, 197, 'Slovakia'),
(37632, 'Spishske Podhradie', 3191, 1, 197, 'Slovakia'),
(37633, 'Stara L\'ubovna', 3191, 1, 197, 'Slovakia'),
(37641, 'Bojnice', 3192, 1, 197, 'Slovakia'),
(37656, 'Puchov', 3192, 1, 197, 'Slovakia'),
(37659, 'Trenchianske Teplice', 3192, 1, 197, 'Slovakia'),
(37661, 'Trencin', 3192, 1, 197, 'Slovakia'),
(37663, 'Dunajska Streda', 3193, 1, 197, 'Slovakia'),
(37671, 'Piesht\'any', 3193, 1, 197, 'Slovakia'),
(37678, 'Skalica', 3193, 1, 197, 'Slovakia'),
(37680, 'Trnava', 3193, 1, 197, 'Slovakia'),
(38028, 'Alberton', 3240, 1, 202, 'South Africa'),
(38030, 'Benmore', 3240, 1, 202, 'South Africa'),
(38032, 'Boksburg', 3240, 1, 202, 'South Africa'),
(38035, 'Bronkhorstspruit', 3240, 1, 202, 'South Africa'),
(38036, 'Bryanston', 3240, 1, 202, 'South Africa'),
(38038, 'Centurion', 3240, 1, 202, 'South Africa'),
(38040, 'Dainfern', 3240, 1, 202, 'South Africa'),
(38043, 'Fourways', 3240, 1, 202, 'South Africa'),
(38044, 'Gardenview', 3240, 1, 202, 'South Africa'),
(38046, 'Grant Park', 3240, 1, 202, 'South Africa'),
(38048, 'Isando', 3240, 1, 202, 'South Africa'),
(38051, 'Krugersdorp', 3240, 1, 202, 'South Africa'),
(38052, 'Linmeyer', 3240, 1, 202, 'South Africa'),
(38054, 'Midrand', 3240, 1, 202, 'South Africa'),
(38056, 'Northmead', 3240, 1, 202, 'South Africa'),
(38059, 'Pretoria', 3240, 1, 202, 'South Africa'),
(38060, 'Primrose', 3240, 1, 202, 'South Africa'),
(38062, 'Randfontein', 3240, 1, 202, 'South Africa'),
(38064, 'Rivonia', 3240, 1, 202, 'South Africa'),
(38067, 'Springs', 3240, 1, 202, 'South Africa'),
(38069, 'Tembisa', 3240, 1, 202, 'South Africa'),
(38071, 'Vanderbijlpark', 3240, 1, 202, 'South Africa'),
(38073, 'Verwoerdburg', 3240, 1, 202, 'South Africa'),
(38076, 'Westonaria', 3240, 1, 202, 'South Africa'),
(38080, 'Duiwelskloof', 3244, 1, 202, 'South Africa'),
(38082, 'Giyani', 3244, 1, 202, 'South Africa'),
(38084, 'Louis Trichardt', 3244, 1, 202, 'South Africa'),
(38087, 'Messina', 3244, 1, 202, 'South Africa'),
(38093, 'Pietersburg', 3244, 1, 202, 'South Africa'),
(38095, 'Soekmekaar', 3244, 1, 202, 'South Africa'),
(38097, 'Thabazimbi', 3244, 1, 202, 'South Africa'),
(38100, 'Tzaneen', 3244, 1, 202, 'South Africa'),
(38103, 'Embalenhle', 3245, 1, 202, 'South Africa'),
(38105, 'Empuluzi', 3245, 1, 202, 'South Africa'),
(38107, 'Ermelo', 3245, 1, 202, 'South Africa'),
(38110, 'Komatipoort', 3245, 1, 202, 'South Africa'),
(38116, 'Mashishing', 3245, 1, 202, 'South Africa'),
(38118, 'Nelspruit', 3245, 1, 202, 'South Africa'),
(38120, 'Sakhile', 3245, 1, 202, 'South Africa'),
(38123, 'Siyathemba', 3245, 1, 202, 'South Africa'),
(38124, 'Siyathuthuka', 3245, 1, 202, 'South Africa'),
(38126, 'Witbank', 3245, 1, 202, 'South Africa'),
(38128, 'eLukwatini', 3245, 1, 202, 'South Africa'),
(38131, 'ALbatera', 3255, 1, 205, 'Spain'),
(38135, 'Altea', 3255, 1, 205, 'Spain'),
(38137, 'Benidorm', 3255, 1, 205, 'Spain'),
(38180, 'Almeria', 3258, 1, 205, 'Spain'),
(38197, 'Gijon', 3260, 1, 205, 'Spain'),
(38207, 'Oviedo', 3260, 1, 205, 'Spain'),
(38215, 'Avila', 3261, 1, 205, 'Spain'),
(38221, 'Merida', 3262, 1, 205, 'Spain'),
(38228, 'Alcudia', 3263, 1, 205, 'Spain'),
(38239, 'Palma', 3263, 1, 205, 'Spain'),
(38246, 'Soller', 3263, 1, 205, 'Spain'),
(38254, 'Barcelona', 3264, 1, 205, 'Spain'),
(38318, 'Sitges', 3264, 1, 205, 'Spain'),
(38330, 'Vilassar del Mar', 3264, 1, 205, 'Spain'),
(38337, 'Burgos', 3267, 1, 205, 'Spain'),
(38339, 'Caceres', 3268, 1, 205, 'Spain'),
(38347, 'Arcos de la Frontera', 3269, 1, 205, 'Spain'),
(38349, 'Cadiz', 3269, 1, 205, 'Spain'),
(38355, 'Jimena de la Frontera', 3269, 1, 205, 'Spain'),
(38377, 'Santa Cruz de Bezana', 3270, 1, 205, 'Spain'),
(38378, 'Santander', 3270, 1, 205, 'Spain'),
(38390, 'Segorbe', 3271, 1, 205, 'Spain'),
(38394, 'Ceuta', 3273, 1, 205, 'Spain'),
(38414, 'Cuenca', 3282, 1, 205, 'Spain'),
(38422, 'Girona', 3284, 1, 205, 'Spain'),
(38440, 'Granada', 3285, 1, 205, 'Spain'),
(38442, 'Huescar', 3285, 1, 205, 'Spain'),
(38465, 'Donostia', 3287, 1, 205, 'Spain'),
(38559, 'El Escorial', 3297, 1, 205, 'Spain'),
(38567, 'Madrid', 3297, 1, 205, 'Spain'),
(38591, 'Antequera', 3298, 1, 205, 'Spain'),
(38599, 'Malaga', 3298, 1, 205, 'Spain'),
(38600, 'Marbella', 3298, 1, 205, 'Spain'),
(38604, 'Ronda', 3298, 1, 205, 'Spain'),
(38609, 'Melilla', 3299, 1, 205, 'Spain'),
(38689, 'Salamanca', 3306, 1, 205, 'Spain'),
(38692, 'Segovia', 3308, 1, 205, 'Spain'),
(38738, 'Salou', 3311, 1, 205, 'Spain'),
(38740, 'Tarragona', 3311, 1, 205, 'Spain'),
(38756, 'Toledo', 3314, 1, 205, 'Spain'),
(38813, 'Valencia', 3315, 1, 205, 'Spain'),
(38828, 'Bilbao', 3317, 1, 205, 'Spain'),
(38858, 'Badulla', 3322, 1, 206, 'Sri Lanka'),
(38859, 'Bandarawela', 3322, 1, 206, 'Sri Lanka'),
(38860, 'Haputale', 3322, 1, 206, 'Sri Lanka'),
(38863, 'Colombo', 3324, 1, 206, 'Sri Lanka'),
(38864, 'Dehiwala-Mount Lavinia', 3324, 1, 206, 'Sri Lanka'),
(38865, 'Homagama', 3324, 1, 206, 'Sri Lanka'),
(38873, 'Seethawakapura', 3324, 1, 206, 'Sri Lanka'),
(38875, 'Ambalamgoda', 3325, 1, 206, 'Sri Lanka'),
(38878, 'Gampaha', 3326, 1, 206, 'Sri Lanka'),
(38880, 'Jaela', 3326, 1, 206, 'Sri Lanka'),
(38883, 'Kelaniya', 3326, 1, 206, 'Sri Lanka'),
(38886, 'Peliyagoda', 3326, 1, 206, 'Sri Lanka'),
(38888, 'Wattala', 3326, 1, 206, 'Sri Lanka'),
(38890, 'Hambantota', 3327, 1, 206, 'Sri Lanka'),
(38892, 'Beruwala', 3328, 1, 206, 'Sri Lanka'),
(38894, 'Kalutara', 3328, 1, 206, 'Sri Lanka'),
(38896, 'Panadraya', 3328, 1, 206, 'Sri Lanka'),
(38900, 'Kurunegala', 3331, 1, 206, 'Sri Lanka'),
(38906, 'Mannarama', 3335, 1, 206, 'Sri Lanka'),
(38908, 'Matale', 3336, 1, 206, 'Sri Lanka'),
(38910, 'Matara', 3337, 1, 206, 'Sri Lanka'),
(38911, 'Weligama', 3337, 1, 206, 'Sri Lanka'),
(38915, 'Polonnaruwa', 3343, 1, 206, 'Sri Lanka'),
(38919, 'Ratnapuraya', 3345, 1, 206, 'Sri Lanka'),
(38922, 'Vavuniyawa', 3349, 1, 206, 'Sri Lanka'),
(38934, 'Maridi', 3359, 1, 211, 'Sweden'),
(38936, 'Tambura', 3359, 1, 211, 'Sweden'),
(38938, 'Bur', 3362, 1, 211, 'Sweden'),
(38941, 'Kassala', 3363, 1, 211, 'Sweden'),
(38944, 'al-Masnah', 3363, 1, 211, 'Sweden'),
(38946, 'Barbar', 3364, 1, 211, 'Sweden'),
(38948, 'Shandi', 3364, 1, 211, 'Sweden'),
(38951, 'al-Matammah', 3364, 1, 211, 'Sweden'),
(38952, 'Kapoeta', 3368, 1, 211, 'Sweden'),
(38954, 'Abu Hijar', 3369, 1, 211, 'Sweden'),
(38955, 'Galgani', 3369, 1, 211, 'Sweden'),
(38956, 'Hajj \'Abdallah', 3369, 1, 211, 'Sweden'),
(38958, 'Mayurnu', 3369, 1, 211, 'Sweden'),
(38961, 'Sinnar-at-Tagatu', 3369, 1, 211, 'Sweden'),
(38963, 'ad-Dindar', 3369, 1, 211, 'Sweden'),
(38964, 'as-Suki', 3369, 1, 211, 'Sweden'),
(38966, 'Tonj', 3370, 1, 211, 'Sweden'),
(38967, 'Warab', 3370, 1, 211, 'Sweden'),
(38968, 'Bur Sudan', 3372, 1, 211, 'Sweden'),
(38970, 'Sawakin', 3372, 1, 211, 'Sweden'),
(38973, 'Rumbik', 3373, 1, 211, 'Sweden'),
(38975, 'Abu \'Usar', 3374, 1, 211, 'Sweden'),
(38977, 'Maharaybah', 3374, 1, 211, 'Sweden'),
(38978, 'Miallayab', 3374, 1, 211, 'Sweden'),
(38979, 'Rufa\'a', 3374, 1, 211, 'Sweden'),
(38980, 'Sharafat', 3374, 1, 211, 'Sweden'),
(38981, 'Tabat', 3374, 1, 211, 'Sweden'),
(38982, 'Tambul', 3374, 1, 211, 'Sweden'),
(38983, 'Wad Madani', 3374, 1, 211, 'Sweden'),
(38985, 'al-Hawsh', 3374, 1, 211, 'Sweden'),
(38987, 'al-Huda', 3374, 1, 211, 'Sweden'),
(38988, 'al-Husayhisah', 3374, 1, 211, 'Sweden'),
(38989, 'al-Kamilin', 3374, 1, 211, 'Sweden'),
(38990, 'al-Karaymat', 3374, 1, 211, 'Sweden'),
(38991, 'al-Manaqil', 3374, 1, 211, 'Sweden'),
(38995, 'Umm Durman', 3375, 1, 211, 'Sweden'),
(38997, 'al-Khartum Bahri', 3375, 1, 211, 'Sweden'),
(38999, 'Qala\'-an-Nahl', 3376, 1, 211, 'Sweden'),
(39000, 'Shuwak', 3376, 1, 211, 'Sweden'),
(39002, 'al-Hawatah', 3376, 1, 211, 'Sweden'),
(39004, 'Bentiu', 3377, 1, 211, 'Sweden'),
(39005, 'Ler', 3377, 1, 211, 'Sweden'),
(39007, 'Bufi', 3378, 1, 211, 'Sweden'),
(39009, 'Kinanah', 3378, 1, 211, 'Sweden'),
(39011, 'Marabba', 3378, 1, 211, 'Sweden'),
(39013, 'Shabashah', 3378, 1, 211, 'Sweden'),
(39015, 'Umm Jarr', 3378, 1, 211, 'Sweden'),
(39017, 'ad-Duwaym', 3378, 1, 211, 'Sweden'),
(39019, 'al-Kawah', 3378, 1, 211, 'Sweden'),
(39021, 'ad-Damazin', 3379, 1, 211, 'Sweden'),
(39023, 'al-Quwaysi', 3379, 1, 211, 'Sweden'),
(39025, 'Argu', 3380, 1, 211, 'Sweden'),
(39027, 'Dunqulah', 3380, 1, 211, 'Sweden'),
(39029, 'Karmah-an-Nuzul', 3380, 1, 211, 'Sweden'),
(39031, 'Kurti', 3380, 1, 211, 'Sweden'),
(39033, 'Tangasi-ar-Ru\'ays', 3380, 1, 211, 'Sweden'),
(39035, 'ad-Dabbah', 3380, 1, 211, 'Sweden'),
(39037, 'Brownsweg', 3381, 1, 211, 'Sweden'),
(39039, 'Meerzorg', 3382, 1, 211, 'Sweden'),
(39041, 'Totness', 3383, 1, 211, 'Sweden'),
(39043, 'Moengo', 3384, 1, 211, 'Sweden'),
(39046, 'Onverwacht', 3386, 1, 211, 'Sweden'),
(39049, 'Lelydorp', 3389, 1, 211, 'Sweden'),
(39051, 'Hornsund', 3390, 1, 211, 'Sweden'),
(39052, 'Isfjord Radio', 3390, 1, 211, 'Sweden'),
(39054, 'Ny-Alesund', 3390, 1, 211, 'Sweden'),
(39057, 'Mbabane', 3391, 1, 211, 'Sweden'),
(39059, 'Pigg\'s Peak', 3391, 1, 211, 'Sweden'),
(39061, 'Mhlume', 3392, 1, 211, 'Sweden'),
(39062, 'Mpaka', 3392, 1, 211, 'Sweden'),
(39066, 'Tshaneni', 3392, 1, 211, 'Sweden'),
(39068, 'Kwaluseni', 3393, 1, 211, 'Sweden'),
(39071, 'Mankayane', 3393, 1, 211, 'Sweden'),
(39073, 'Matsapha', 3393, 1, 211, 'Sweden'),
(39074, 'Mhlambanyatsi', 3393, 1, 211, 'Sweden'),
(39076, 'Hlatikulu', 3394, 1, 211, 'Sweden'),
(39077, 'Hluti', 3394, 1, 211, 'Sweden'),
(39078, 'Kubuta', 3394, 1, 211, 'Sweden'),
(39082, 'Karlskrona', 3397, 1, 211, 'Sweden'),
(39083, 'Ronneby', 3397, 1, 211, 'Sweden'),
(39084, 'Stenungsund', 3398, 1, 211, 'Sweden'),
(39085, 'Avesta', 3399, 1, 211, 'Sweden'),
(39086, 'Borlange', 3399, 1, 211, 'Sweden'),
(39087, 'Falun', 3399, 1, 211, 'Sweden'),
(39088, 'Hedemora', 3399, 1, 211, 'Sweden'),
(39089, 'Ludvika', 3399, 1, 211, 'Sweden'),
(39096, 'Soderhamn', 3400, 1, 211, 'Sweden'),
(39101, 'Halmstad', 3403, 1, 211, 'Sweden'),
(39103, 'Varberg', 3403, 1, 211, 'Sweden'),
(39106, 'Gislaved', 3405, 1, 211, 'Sweden'),
(39109, 'Tranas', 3405, 1, 211, 'Sweden'),
(39112, 'Blomstermala', 3406, 1, 211, 'Sweden'),
(39116, 'Solna', 3406, 1, 211, 'Sweden'),
(39122, 'Svedala', 3407, 1, 211, 'Sweden'),
(39127, 'Lulea', 3409, 1, 211, 'Sweden'),
(39132, 'Orebro', 3410, 1, 211, 'Sweden'),
(39137, 'Mjolby', 3411, 1, 211, 'Sweden'),
(39140, 'Vadstena', 3411, 1, 211, 'Sweden'),
(39143, 'Arlov', 3413, 1, 211, 'Sweden'),
(39146, 'Hassleholm', 3413, 1, 211, 'Sweden'),
(39149, 'Hoganas', 3413, 1, 211, 'Sweden'),
(39154, 'Landskrona', 3413, 1, 211, 'Sweden'),
(39158, 'Staffanstorp', 3413, 1, 211, 'Sweden'),
(39162, 'Markaryd', 3414, 1, 211, 'Sweden'),
(39166, 'Katrineholm', 3415, 1, 211, 'Sweden'),
(39172, 'Boo', 3416, 1, 211, 'Sweden'),
(39175, 'Hallstavik', 3416, 1, 211, 'Sweden'),
(39178, 'Lidingo', 3416, 1, 211, 'Sweden'),
(39183, 'Rosersberg', 3416, 1, 211, 'Sweden'),
(39186, 'Stockholm', 3416, 1, 211, 'Sweden'),
(39190, 'Upplands-Vasby', 3416, 1, 211, 'Sweden'),
(39195, 'Knivsta', 3417, 1, 211, 'Sweden'),
(39197, 'Storvreta', 3417, 1, 211, 'Sweden'),
(39204, 'Guglingen', 3419, 1, 211, 'Sweden'),
(39209, 'Kallered', 3420, 1, 211, 'Sweden'),
(39213, 'Ornskoldsvik', 3421, 1, 211, 'Sweden'),
(39216, 'Fagersta', 3422, 1, 211, 'Sweden'),
(39218, 'Koping', 3422, 1, 211, 'Sweden'),
(39223, 'Baden', 3424, 1, 212, 'Switzerland'),
(39243, 'Niederwangen', 3424, 1, 212, 'Switzerland'),
(39298, 'Interlaken', 3429, 1, 212, 'Switzerland'),
(39319, 'Spiez', 3429, 1, 212, 'Switzerland'),
(39322, 'Thun', 3429, 1, 212, 'Switzerland'),
(39337, 'Murten', 3431, 1, 212, 'Switzerland'),
(39361, 'Arosa', 3434, 1, 212, 'Switzerland'),
(39362, 'Chur', 3434, 1, 212, 'Switzerland'),
(39363, 'Davos', 3434, 1, 212, 'Switzerland'),
(39381, 'Kriens', 3438, 1, 212, 'Switzerland'),
(39394, 'Colombier', 3441, 1, 212, 'Switzerland'),
(39395, 'La Chaux-de-Fonds', 3441, 1, 212, 'Switzerland'),
(39408, 'Schaffhausen', 3445, 1, 212, 'Switzerland'),
(39420, 'Wangen', 3446, 1, 212, 'Switzerland'),
(39435, 'Solothurn', 3447, 1, 212, 'Switzerland'),
(39452, 'Ascona', 3449, 1, 212, 'Switzerland'),
(39453, 'Bellinzona', 3449, 1, 212, 'Switzerland'),
(39459, 'Locarno', 3449, 1, 212, 'Switzerland'),
(39473, 'Brig-Glis', 3451, 1, 212, 'Switzerland'),
(39478, 'Martigny', 3451, 1, 212, 'Switzerland'),
(39485, 'Sion', 3451, 1, 212, 'Switzerland'),
(39488, 'Zermatt', 3451, 1, 212, 'Switzerland'),
(39504, 'Montreux', 3452, 1, 212, 'Switzerland'),
(39516, 'Vevey', 3452, 1, 212, 'Switzerland'),
(39824, 'Bangkhen', 3528, 1, 217, 'Thailand'),
(39826, 'Phatumthanee', 3528, 1, 217, 'Thailand'),
(39827, 'Bang Khla', 3530, 1, 217, 'Thailand'),
(39829, 'Bangpakong', 3530, 1, 217, 'Thailand'),
(39831, 'Phanom Sarakham', 3530, 1, 217, 'Thailand'),
(39833, 'Bamnet Narong', 3532, 1, 217, 'Thailand'),
(39835, 'Kaeng Khlo', 3532, 1, 217, 'Thailand'),
(39838, 'Chanthaburi', 3534, 1, 217, 'Thailand'),
(39840, 'Laem Sing', 3534, 1, 217, 'Thailand'),
(39842, 'Tha Mai', 3534, 1, 217, 'Thailand'),
(39844, 'Lang Suan', 3538, 1, 217, 'Thailand'),
(39846, 'Kalasin', 3539, 1, 217, 'Thailand'),
(39848, 'Khao Wong', 3539, 1, 217, 'Thailand'),
(39850, 'Nong Kung Si', 3539, 1, 217, 'Thailand'),
(39852, 'Bo Phloi', 3541, 1, 217, 'Thailand'),
(39854, 'Phanom Thuan', 3541, 1, 217, 'Thailand'),
(39856, 'Tha Muang', 3541, 1, 217, 'Thailand'),
(39858, 'Krabi', 3543, 1, 217, 'Thailand'),
(39859, 'Lampang', 3545, 1, 217, 'Thailand'),
(39861, 'Lamphun', 3546, 1, 217, 'Thailand'),
(39862, 'Mae Tha', 3546, 1, 217, 'Thailand'),
(39864, 'Loei', 3547, 1, 217, 'Thailand'),
(39866, 'Wang Saphung', 3547, 1, 217, 'Thailand'),
(39869, 'Nan', 3558, 1, 217, 'Thailand'),
(39872, 'Rangae', 3559, 1, 217, 'Thailand'),
(39874, 'Sungai Padi', 3559, 1, 217, 'Thailand'),
(39876, 'Bang Bo Thong', 3562, 1, 217, 'Thailand'),
(39878, 'Bang Yai', 3562, 1, 217, 'Thailand'),
(39880, 'Pak Kret', 3562, 1, 217, 'Thailand'),
(39883, 'Pattani', 3564, 1, 217, 'Thailand'),
(39885, 'Yaring', 3564, 1, 217, 'Thailand'),
(39887, 'Phatthalung', 3566, 1, 217, 'Thailand'),
(39889, 'Dok Kham Tai', 3567, 1, 217, 'Thailand'),
(39890, 'Phayao', 3567, 1, 217, 'Thailand'),
(39892, 'Chon Daen', 3568, 1, 217, 'Thailand'),
(39894, 'Nong Phai', 3568, 1, 217, 'Thailand'),
(39896, 'Wichian Buri', 3568, 1, 217, 'Thailand'),
(39898, 'Chaam', 3569, 1, 217, 'Thailand'),
(39900, 'Phetchaburi', 3569, 1, 217, 'Thailand'),
(39902, 'Bang Mun Nak', 3570, 1, 217, 'Thailand'),
(39904, 'Taphan Hin', 3570, 1, 217, 'Thailand'),
(39905, 'Thap Khlo', 3570, 1, 217, 'Thailand'),
(39906, 'Bang Krathum', 3571, 1, 217, 'Thailand'),
(39908, 'Nakhon Thai', 3571, 1, 217, 'Thailand'),
(39910, 'Den Chai', 3573, 1, 217, 'Thailand'),
(39912, 'Phrae', 3573, 1, 217, 'Thailand'),
(39914, 'Kathu', 3574, 1, 217, 'Thailand'),
(39916, 'Ranong', 3577, 1, 217, 'Thailand'),
(39917, 'Ban Pong', 3578, 1, 217, 'Thailand'),
(39919, 'Chom Bung', 3578, 1, 217, 'Thailand'),
(39921, 'Photharam', 3578, 1, 217, 'Thailand'),
(39922, 'Ratchaburi', 3578, 1, 217, 'Thailand'),
(39924, 'Klaeng', 3579, 1, 217, 'Thailand'),
(39926, 'Ban Mo', 3586, 1, 217, 'Thailand'),
(39928, 'Nong Khae', 3586, 1, 217, 'Thailand'),
(39929, 'Phra Phutthabat', 3586, 1, 217, 'Thailand'),
(39930, 'Saraburi', 3586, 1, 217, 'Thailand'),
(39932, 'Hat Yai', 3590, 1, 217, 'Thailand'),
(39934, 'Sadao', 3590, 1, 217, 'Thailand'),
(39936, 'Songkhla', 3590, 1, 217, 'Thailand'),
(39938, 'Sawankhalok', 3591, 1, 217, 'Thailand'),
(39940, 'Sukhothai', 3591, 1, 217, 'Thailand'),
(39942, 'Surin', 3594, 1, 217, 'Thailand'),
(39944, 'Mae Ramat', 3595, 1, 217, 'Thailand'),
(39946, 'Tak', 3595, 1, 217, 'Thailand'),
(39948, 'Kantang', 3596, 1, 217, 'Thailand'),
(39951, 'Trat', 3597, 1, 217, 'Thailand'),
(39954, 'Betong', 3602, 1, 217, 'Thailand'),
(40253, 'Adana', 3663, 1, 223, 'Turkey'),
(40255, 'Ceyhan', 3663, 1, 223, 'Turkey'),
(40257, 'Imamoglu', 3663, 1, 223, 'Turkey'),
(40259, 'Karatas', 3663, 1, 223, 'Turkey'),
(40261, 'Pozanti', 3663, 1, 223, 'Turkey'),
(40263, 'Tufanbeyli', 3663, 1, 223, 'Turkey'),
(40266, 'Besni', 3664, 1, 223, 'Turkey'),
(40268, 'Gerger', 3664, 1, 223, 'Turkey'),
(40270, 'Kahta', 3664, 1, 223, 'Turkey'),
(40272, 'Sincik', 3664, 1, 223, 'Turkey'),
(40274, 'Afyonkarahisar', 3665, 1, 223, 'Turkey'),
(40276, 'Bayat', 3665, 1, 223, 'Turkey'),
(40278, 'Cay', 3665, 1, 223, 'Turkey'),
(40280, 'Dinar', 3665, 1, 223, 'Turkey'),
(40282, 'Evciler', 3665, 1, 223, 'Turkey'),
(40284, 'Ihsaniye', 3665, 1, 223, 'Turkey'),
(40286, 'Kiziloren', 3665, 1, 223, 'Turkey'),
(40288, 'Sincanli', 3665, 1, 223, 'Turkey'),
(40291, 'Diyadin', 3666, 1, 223, 'Turkey'),
(40293, 'Eleskirt', 3666, 1, 223, 'Turkey'),
(40295, 'Karakose', 3666, 1, 223, 'Turkey'),
(40297, 'Taslicay', 3666, 1, 223, 'Turkey'),
(40299, 'Agacoren', 3667, 1, 223, 'Turkey'),
(40301, 'Eskil', 3667, 1, 223, 'Turkey'),
(40304, 'Ortakoy', 3667, 1, 223, 'Turkey'),
(40306, 'Amasya', 3668, 1, 223, 'Turkey'),
(40308, 'Gumushacikoy', 3668, 1, 223, 'Turkey'),
(40310, 'Merzifon', 3668, 1, 223, 'Turkey'),
(40312, 'Tasova', 3668, 1, 223, 'Turkey'),
(40314, 'Ankara', 3669, 1, 223, 'Turkey'),
(40317, 'Camlidere', 3669, 1, 223, 'Turkey'),
(40319, 'Elmadag', 3669, 1, 223, 'Turkey'),
(40321, 'Gudul', 3669, 1, 223, 'Turkey'),
(40323, 'Kalecik', 3669, 1, 223, 'Turkey'),
(40325, 'Kizilcahamam', 3669, 1, 223, 'Turkey'),
(40327, 'Polatli', 3669, 1, 223, 'Turkey'),
(40331, 'Alanya', 3670, 1, 223, 'Turkey'),
(40333, 'Elmali', 3670, 1, 223, 'Turkey'),
(40335, 'Gazipasa', 3670, 1, 223, 'Turkey'),
(40337, 'Ibradi', 3670, 1, 223, 'Turkey'),
(40339, 'Kas', 3670, 1, 223, 'Turkey'),
(40341, 'Konya', 3670, 1, 223, 'Turkey'),
(40345, 'Serik', 3670, 1, 223, 'Turkey'),
(40347, 'Damal', 3671, 1, 223, 'Turkey'),
(40349, 'Hanak', 3671, 1, 223, 'Turkey'),
(40351, 'Ardanuc', 3672, 1, 223, 'Turkey'),
(40353, 'Artvin', 3672, 1, 223, 'Turkey'),
(40355, 'Hopa', 3672, 1, 223, 'Turkey'),
(40359, 'Aydin', 3673, 1, 223, 'Turkey'),
(40361, 'Buharkent', 3673, 1, 223, 'Turkey'),
(40363, 'Didim', 3673, 1, 223, 'Turkey'),
(40365, 'Incirliova', 3673, 1, 223, 'Turkey'),
(40367, 'Karpuzlu', 3673, 1, 223, 'Turkey'),
(40369, 'Kosk', 3673, 1, 223, 'Turkey'),
(40371, 'Kuyucak', 3673, 1, 223, 'Turkey'),
(40373, 'Soke', 3673, 1, 223, 'Turkey'),
(40375, 'Yenipazar', 3673, 1, 223, 'Turkey'),
(40377, 'Balikesir', 3674, 1, 223, 'Turkey'),
(40379, 'Bandirma', 3674, 1, 223, 'Turkey'),
(40381, 'Burhaniye', 3674, 1, 223, 'Turkey'),
(40385, 'Gomec', 3674, 1, 223, 'Turkey'),
(40387, 'Havran', 3674, 1, 223, 'Turkey'),
(40389, 'Kepsut', 3674, 1, 223, 'Turkey'),
(40391, 'Marmara', 3674, 1, 223, 'Turkey'),
(40393, 'Savastepe', 3674, 1, 223, 'Turkey'),
(40395, 'Susurluk', 3674, 1, 223, 'Turkey'),
(40398, 'Kurucasile', 3675, 1, 223, 'Turkey'),
(40400, 'Batman', 3676, 1, 223, 'Turkey'),
(40402, 'Gercus', 3676, 1, 223, 'Turkey'),
(40404, 'Kozluk', 3676, 1, 223, 'Turkey'),
(40406, 'Aydintepe', 3677, 1, 223, 'Turkey'),
(40408, 'Demirozu', 3677, 1, 223, 'Turkey'),
(40410, 'Bozuyuk', 3678, 1, 223, 'Turkey'),
(40412, 'Inhisar', 3678, 1, 223, 'Turkey'),
(40414, 'Pazaryeri', 3678, 1, 223, 'Turkey'),
(40416, 'Yenipazar', 3678, 1, 223, 'Turkey'),
(40418, 'Bingol', 3679, 1, 223, 'Turkey'),
(40420, 'Karliova', 3679, 1, 223, 'Turkey'),
(40422, 'Solhan', 3679, 1, 223, 'Turkey'),
(40424, 'Yedisu', 3679, 1, 223, 'Turkey'),
(40426, 'Ahlat', 3680, 1, 223, 'Turkey'),
(40428, 'Guroymak', 3680, 1, 223, 'Turkey'),
(40430, 'Mutki', 3680, 1, 223, 'Turkey'),
(40432, 'Akcakoca', 3681, 1, 223, 'Turkey'),
(40434, 'Dortdivan', 3681, 1, 223, 'Turkey'),
(40436, 'Goynuk', 3681, 1, 223, 'Turkey'),
(40438, 'Mengen', 3681, 1, 223, 'Turkey'),
(40440, 'Seben', 3681, 1, 223, 'Turkey'),
(40442, 'Aglasun', 3682, 1, 223, 'Turkey'),
(40444, 'Bucak', 3682, 1, 223, 'Turkey'),
(40450, 'Yesilova', 3682, 1, 223, 'Turkey'),
(40452, 'Buyukorhan', 3683, 1, 223, 'Turkey'),
(40454, 'Gursu', 3683, 1, 223, 'Turkey'),
(40456, 'Inegol', 3683, 1, 223, 'Turkey'),
(40458, 'Karacabey', 3683, 1, 223, 'Turkey'),
(40460, 'Kestel', 3683, 1, 223, 'Turkey'),
(40462, 'Mustafakemalpasa', 3683, 1, 223, 'Turkey'),
(40464, 'Orhangazi', 3683, 1, 223, 'Turkey'),
(40466, 'Ayvacik', 3684, 1, 223, 'Turkey'),
(40468, 'Biga', 3684, 1, 223, 'Turkey'),
(40470, 'Can', 3684, 1, 223, 'Turkey'),
(40472, 'Eceabat', 3684, 1, 223, 'Turkey'),
(40476, 'Lapseki', 3684, 1, 223, 'Turkey'),
(40478, 'Atkaracalar', 3685, 1, 223, 'Turkey'),
(40480, 'Cankiri', 3685, 1, 223, 'Turkey'),
(40482, 'Eldivan', 3685, 1, 223, 'Turkey'),
(40484, 'Kizilirmak', 3685, 1, 223, 'Turkey'),
(40486, 'Kursunlu', 3685, 1, 223, 'Turkey'),
(40490, 'Alaca', 3686, 1, 223, 'Turkey'),
(40492, 'Corum', 3686, 1, 223, 'Turkey'),
(40494, 'Iskilip', 3686, 1, 223, 'Turkey'),
(40496, 'Lacin', 3686, 1, 223, 'Turkey'),
(40498, 'Oguzlar', 3686, 1, 223, 'Turkey'),
(40500, 'Osmancik', 3686, 1, 223, 'Turkey'),
(40503, 'Acipayam', 3687, 1, 223, 'Turkey'),
(40505, 'Babadag', 3687, 1, 223, 'Turkey'),
(40507, 'Bekilli', 3687, 1, 223, 'Turkey'),
(40509, 'Buldan', 3687, 1, 223, 'Turkey'),
(40511, 'Civril', 3687, 1, 223, 'Turkey'),
(40513, 'Guney', 3687, 1, 223, 'Turkey'),
(40515, 'Kale', 3687, 1, 223, 'Turkey'),
(40517, 'Serinhisar', 3687, 1, 223, 'Turkey'),
(40519, 'Bismil', 3688, 1, 223, 'Turkey'),
(40521, 'Cinar', 3688, 1, 223, 'Turkey'),
(40523, 'Dicle', 3688, 1, 223, 'Turkey'),
(40525, 'Egil', 3688, 1, 223, 'Turkey'),
(40527, 'Hani', 3688, 1, 223, 'Turkey'),
(40529, 'Kocakoy', 3688, 1, 223, 'Turkey'),
(40531, 'Lice', 3688, 1, 223, 'Turkey'),
(40533, 'Cumayeri', 3689, 1, 223, 'Turkey'),
(40535, 'Golyaka', 3689, 1, 223, 'Turkey'),
(40537, 'Kaynasli', 3689, 1, 223, 'Turkey'),
(40538, 'Yigilca', 3689, 1, 223, 'Turkey'),
(40540, 'Enez', 3690, 1, 223, 'Turkey'),
(40542, 'Ipsala', 3690, 1, 223, 'Turkey'),
(40544, 'Lalapasa', 3690, 1, 223, 'Turkey'),
(40546, 'Suleoglu', 3690, 1, 223, 'Turkey'),
(40548, 'Agin', 3691, 1, 223, 'Turkey'),
(40550, 'Aricak', 3691, 1, 223, 'Turkey'),
(40552, 'Elazig', 3691, 1, 223, 'Turkey'),
(40554, 'Keban', 3691, 1, 223, 'Turkey'),
(40556, 'Maden', 3691, 1, 223, 'Turkey'),
(40558, 'Sivrice', 3691, 1, 223, 'Turkey'),
(40560, 'Ilic', 3692, 1, 223, 'Turkey'),
(40563, 'Otlukbeli', 3692, 1, 223, 'Turkey'),
(40565, 'Tercan', 3692, 1, 223, 'Turkey'),
(40567, 'Askale', 3693, 1, 223, 'Turkey'),
(40569, 'Hinis', 3693, 1, 223, 'Turkey'),
(40571, 'Ilica', 3693, 1, 223, 'Turkey'),
(40573, 'Karacoban', 3693, 1, 223, 'Turkey'),
(40575, 'Koprukoy', 3693, 1, 223, 'Turkey'),
(40577, 'Oltu', 3693, 1, 223, 'Turkey'),
(40579, 'Pasinler', 3693, 1, 223, 'Turkey'),
(40581, 'Senkaya', 3693, 1, 223, 'Turkey'),
(40583, 'Tortum', 3693, 1, 223, 'Turkey'),
(40585, 'Alpu', 3694, 1, 223, 'Turkey'),
(40587, 'Cifteler', 3694, 1, 223, 'Turkey'),
(40589, 'Gunyuzu', 3694, 1, 223, 'Turkey'),
(40591, 'Inonu', 3694, 1, 223, 'Turkey'),
(40593, 'Mihalgazi', 3694, 1, 223, 'Turkey'),
(40595, 'Saricakaya', 3694, 1, 223, 'Turkey'),
(40597, 'Sivrihisar', 3694, 1, 223, 'Turkey'),
(40599, 'Gaziantep', 3695, 1, 223, 'Turkey'),
(40601, 'Karkamis', 3695, 1, 223, 'Turkey'),
(40603, 'Nurdagi', 3695, 1, 223, 'Turkey'),
(40605, 'Sehitkamil', 3695, 1, 223, 'Turkey'),
(40607, 'Aluca', 3696, 1, 223, 'Turkey'),
(40609, 'Dereli', 3696, 1, 223, 'Turkey'),
(40612, 'Eynesil', 3696, 1, 223, 'Turkey'),
(40614, 'Gorele', 3696, 1, 223, 'Turkey'),
(40616, 'Kesap', 3696, 1, 223, 'Turkey'),
(40618, 'Sebinkarahisar', 3696, 1, 223, 'Turkey'),
(40620, 'Yaglidere', 3696, 1, 223, 'Turkey'),
(40622, 'Kelkit', 3697, 1, 223, 'Turkey'),
(40624, 'Kurtun', 3697, 1, 223, 'Turkey'),
(40626, 'Torul', 3697, 1, 223, 'Turkey'),
(40628, 'Hakkari', 3698, 1, 223, 'Turkey'),
(40630, 'Yuksekova', 3698, 1, 223, 'Turkey'),
(40632, 'Antakya', 3699, 1, 223, 'Turkey'),
(40634, 'Dortyol', 3699, 1, 223, 'Turkey'),
(40636, 'Hassa', 3699, 1, 223, 'Turkey'),
(40638, 'Kirikhan', 3699, 1, 223, 'Turkey'),
(40640, 'Reyhanli', 3699, 1, 223, 'Turkey'),
(40642, 'Yayladagi', 3699, 1, 223, 'Turkey'),
(40644, 'Aydincik', 3700, 1, 223, 'Turkey'),
(40646, 'Erdemli', 3700, 1, 223, 'Turkey'),
(40648, 'Mersin', 3700, 1, 223, 'Turkey'),
(40650, 'Silifke', 3700, 1, 223, 'Turkey'),
(40652, 'Aralik', 3701, 1, 223, 'Turkey'),
(40654, 'Karakoyunlu', 3701, 1, 223, 'Turkey'),
(40656, 'Aksu', 3702, 1, 223, 'Turkey'),
(40658, 'Egirdir', 3702, 1, 223, 'Turkey'),
(40660, 'Gonen', 3702, 1, 223, 'Turkey'),
(40662, 'Keciborlu', 3702, 1, 223, 'Turkey'),
(40664, 'Senirkent', 3702, 1, 223, 'Turkey'),
(40666, 'Uluborlu', 3702, 1, 223, 'Turkey'),
(40668, 'Yenisarbademli', 3702, 1, 223, 'Turkey'),
(40670, 'Catalca', 3703, 1, 223, 'Turkey'),
(40673, 'Istanbul', 3703, 1, 223, 'Turkey'),
(40675, 'Sile', 3703, 1, 223, 'Turkey'),
(40677, 'Sultanbeyli', 3703, 1, 223, 'Turkey'),
(40679, 'Tuzla', 3703, 1, 223, 'Turkey'),
(40681, 'Aliaga', 3704, 1, 223, 'Turkey'),
(40683, 'Bayindir', 3704, 1, 223, 'Turkey'),
(40686, 'Bornova', 3704, 1, 223, 'Turkey'),
(40688, 'Digor', 3704, 1, 223, 'Turkey'),
(40690, 'Foca', 3704, 1, 223, 'Turkey'),
(40692, 'Karaburun', 3704, 1, 223, 'Turkey'),
(40694, 'Kinik', 3704, 1, 223, 'Turkey'),
(40696, 'Menderes', 3704, 1, 223, 'Turkey'),
(40698, 'Merkezi', 3704, 1, 223, 'Turkey'),
(40700, 'Odemis', 3704, 1, 223, 'Turkey'),
(40702, 'Selcuk', 3704, 1, 223, 'Turkey'),
(40704, 'Torbali', 3704, 1, 223, 'Turkey'),
(40706, 'Afsin', 3705, 1, 223, 'Turkey'),
(40708, 'Caglayancerit', 3705, 1, 223, 'Turkey'),
(40710, 'Elbistan', 3705, 1, 223, 'Turkey'),
(40712, 'Kahramanmaras', 3705, 1, 223, 'Turkey'),
(40714, 'Pazarcik', 3705, 1, 223, 'Turkey'),
(40716, 'Eflani', 3706, 1, 223, 'Turkey'),
(40718, 'Karabuk', 3706, 1, 223, 'Turkey'),
(40720, 'Safranbolu', 3706, 1, 223, 'Turkey'),
(40723, 'Basyayla', 3707, 1, 223, 'Turkey'),
(40725, 'Karaman', 3707, 1, 223, 'Turkey'),
(40727, 'Sariveliler', 3707, 1, 223, 'Turkey'),
(40729, 'Arpacay', 3708, 1, 223, 'Turkey'),
(40731, 'Kars', 3708, 1, 223, 'Turkey'),
(40733, 'Selim', 3708, 1, 223, 'Turkey'),
(40735, 'Karsiyaka', 3709, 1, 223, 'Turkey'),
(40737, 'Agli', 3710, 1, 223, 'Turkey'),
(40739, 'Azdavay', 3710, 1, 223, 'Turkey'),
(40741, 'Daday', 3710, 1, 223, 'Turkey'),
(40743, 'Doganyurt', 3710, 1, 223, 'Turkey'),
(40745, 'Ihsangazi', 3710, 1, 223, 'Turkey'),
(40748, 'Kure', 3710, 1, 223, 'Turkey'),
(40750, 'Senpazar', 3710, 1, 223, 'Turkey'),
(40752, 'Taskopru', 3710, 1, 223, 'Turkey'),
(40754, 'Akkisla', 3711, 1, 223, 'Turkey'),
(40756, 'Develi', 3711, 1, 223, 'Turkey'),
(40758, 'Hacilar', 3711, 1, 223, 'Turkey'),
(40760, 'Kayseri', 3711, 1, 223, 'Turkey'),
(40762, 'Pinarbasi', 3711, 1, 223, 'Turkey'),
(40764, 'Sariz', 3711, 1, 223, 'Turkey'),
(40766, 'Tomarza', 3711, 1, 223, 'Turkey'),
(40768, 'Yesilhisar', 3711, 1, 223, 'Turkey'),
(40770, 'Kilis', 3712, 1, 223, 'Turkey'),
(40772, 'Polateli', 3712, 1, 223, 'Turkey'),
(40774, 'Baliseyh', 3713, 1, 223, 'Turkey'),
(40776, 'Karakecili', 3713, 1, 223, 'Turkey'),
(40778, 'Kirikkale', 3713, 1, 223, 'Turkey'),
(40780, 'Yahsihan', 3713, 1, 223, 'Turkey'),
(40782, 'Demirkoy', 3714, 1, 223, 'Turkey'),
(40784, 'Kofcaz', 3714, 1, 223, 'Turkey'),
(40786, 'Luleburgaz', 3714, 1, 223, 'Turkey'),
(40788, 'Pinarhisar', 3714, 1, 223, 'Turkey'),
(40790, 'Akcakent', 3715, 1, 223, 'Turkey'),
(40792, 'Boztepe', 3715, 1, 223, 'Turkey'),
(40794, 'Kirsehir', 3715, 1, 223, 'Turkey'),
(40797, 'Derince', 3716, 1, 223, 'Turkey'),
(40799, 'Gebze', 3716, 1, 223, 'Turkey'),
(40801, 'Izmit', 3716, 1, 223, 'Turkey'),
(40803, 'Karamursel', 3716, 1, 223, 'Turkey'),
(40805, 'Korfez', 3716, 1, 223, 'Turkey'),
(40807, 'Akoren', 3717, 1, 223, 'Turkey'),
(40809, 'Altinekin', 3717, 1, 223, 'Turkey'),
(40811, 'Bozkir', 3717, 1, 223, 'Turkey'),
(40813, 'Cumra', 3717, 1, 223, 'Turkey'),
(40815, 'Derebucak', 3717, 1, 223, 'Turkey'),
(40817, 'Emirgazi', 3717, 1, 223, 'Turkey'),
(40819, 'Guneysinir', 3717, 1, 223, 'Turkey'),
(40821, 'Halkapinar', 3717, 1, 223, 'Turkey'),
(40823, 'Ilgin', 3717, 1, 223, 'Turkey'),
(40825, 'Karapinar', 3717, 1, 223, 'Turkey'),
(40827, 'Kulu', 3717, 1, 223, 'Turkey'),
(40829, 'Seydisehir', 3717, 1, 223, 'Turkey'),
(40831, 'Tuzlukcu', 3717, 1, 223, 'Turkey'),
(40833, 'Yunak', 3717, 1, 223, 'Turkey'),
(40835, 'Aslanapa', 3718, 1, 223, 'Turkey'),
(40837, 'Dumlupinar', 3718, 1, 223, 'Turkey'),
(40839, 'Gediz', 3718, 1, 223, 'Turkey'),
(40841, 'Pazarlar', 3718, 1, 223, 'Turkey'),
(40843, 'Simav', 3718, 1, 223, 'Turkey'),
(40846, 'Akcadag', 3720, 1, 223, 'Turkey'),
(40848, 'Arguvan', 3720, 1, 223, 'Turkey'),
(40850, 'Darende', 3720, 1, 223, 'Turkey'),
(40852, 'Doganyol', 3720, 1, 223, 'Turkey'),
(40854, 'Kale', 3720, 1, 223, 'Turkey'),
(40856, 'Malatya', 3720, 1, 223, 'Turkey'),
(40858, 'Yazihan', 3720, 1, 223, 'Turkey'),
(40860, 'Ahmetli', 3721, 1, 223, 'Turkey'),
(40862, 'Alasehir', 3721, 1, 223, 'Turkey'),
(40864, 'Golmarmara', 3721, 1, 223, 'Turkey'),
(40866, 'Kirkagac', 3721, 1, 223, 'Turkey'),
(40868, 'Kula', 3721, 1, 223, 'Turkey'),
(40871, 'Sarigol', 3721, 1, 223, 'Turkey'),
(40873, 'Selendi', 3721, 1, 223, 'Turkey'),
(40875, 'Turgutlu', 3721, 1, 223, 'Turkey'),
(40877, 'Derik', 3722, 1, 223, 'Turkey'),
(40879, 'Mardin', 3722, 1, 223, 'Turkey'),
(40881, 'Midyat', 3722, 1, 223, 'Turkey'),
(40885, 'Yesilli', 3722, 1, 223, 'Turkey'),
(40887, 'Dalaman', 3723, 1, 223, 'Turkey'),
(40889, 'Fethiye', 3723, 1, 223, 'Turkey'),
(40891, 'Koycegiz', 3723, 1, 223, 'Turkey'),
(40893, 'Milas', 3723, 1, 223, 'Turkey'),
(40895, 'Ortaca', 3723, 1, 223, 'Turkey'),
(40899, 'Haskoy', 3724, 1, 223, 'Turkey'),
(40901, 'Malazgirt', 3724, 1, 223, 'Turkey'),
(40903, 'Varto', 3724, 1, 223, 'Turkey'),
(40905, 'Avanos', 3725, 1, 223, 'Turkey'),
(40907, 'Gulsehir', 3725, 1, 223, 'Turkey'),
(40909, 'Kozakli', 3725, 1, 223, 'Turkey'),
(40914, 'Nigde', 3726, 1, 223, 'Turkey'),
(40916, 'Akkus', 3727, 1, 223, 'Turkey'),
(40918, 'Camas', 3727, 1, 223, 'Turkey'),
(40920, 'Golkoy', 3727, 1, 223, 'Turkey'),
(40922, 'Gurgentepe', 3727, 1, 223, 'Turkey'),
(40924, 'Kabaduz', 3727, 1, 223, 'Turkey'),
(40927, 'Kumru', 3727, 1, 223, 'Turkey'),
(40929, 'Ordu', 3727, 1, 223, 'Turkey'),
(40931, 'Ulubey', 3727, 1, 223, 'Turkey'),
(40933, 'Bahce', 3728, 1, 223, 'Turkey'),
(40935, 'Hasanbeyli', 3728, 1, 223, 'Turkey'),
(40937, 'Osmaniye', 3728, 1, 223, 'Turkey'),
(40941, 'Cayeli', 3729, 1, 223, 'Turkey'),
(40943, 'Findikli', 3729, 1, 223, 'Turkey'),
(40945, 'Hemsin', 3729, 1, 223, 'Turkey'),
(40947, 'Iyidere', 3729, 1, 223, 'Turkey'),
(40949, 'Pazar', 3729, 1, 223, 'Turkey'),
(40951, 'Adapazari', 3730, 1, 223, 'Turkey'),
(40955, 'Hendek', 3730, 1, 223, 'Turkey'),
(40957, 'Karasu', 3730, 1, 223, 'Turkey'),
(40959, 'Kocaali', 3730, 1, 223, 'Turkey'),
(40961, 'Sapanca', 3730, 1, 223, 'Turkey'),
(40963, 'Tarakli', 3730, 1, 223, 'Turkey'),
(40965, 'Alacam', 3731, 1, 223, 'Turkey'),
(40968, 'Bafra', 3731, 1, 223, 'Turkey'),
(40970, 'Havza', 3731, 1, 223, 'Turkey'),
(40972, 'Ladik', 3731, 1, 223, 'Turkey'),
(40974, 'Salipazan', 3731, 1, 223, 'Turkey'),
(40976, 'Tekkekoy', 3731, 1, 223, 'Turkey'),
(40978, 'Vezirkopru', 3731, 1, 223, 'Turkey'),
(40981, 'Bozova', 3732, 1, 223, 'Turkey'),
(40983, 'Halfeti', 3732, 1, 223, 'Turkey'),
(40985, 'Hilvan', 3732, 1, 223, 'Turkey'),
(40987, 'Siverek', 3732, 1, 223, 'Turkey'),
(40989, 'Urfa', 3732, 1, 223, 'Turkey'),
(40991, 'Aydinlar', 3733, 1, 223, 'Turkey'),
(40994, 'Kurtalan', 3733, 1, 223, 'Turkey'),
(40996, 'Siirt', 3733, 1, 223, 'Turkey'),
(40998, 'Ayancik', 3734, 1, 223, 'Turkey'),
(41000, 'Dikmen', 3734, 1, 223, 'Turkey'),
(41002, 'Erfelek', 3734, 1, 223, 'Turkey'),
(41004, 'Sarayduzu', 3734, 1, 223, 'Turkey'),
(41009, 'Guclukonak', 3735, 1, 223, 'Turkey'),
(41011, 'Silopi', 3735, 1, 223, 'Turkey'),
(41013, 'Uludere', 3735, 1, 223, 'Turkey'),
(41015, 'Altinyayla', 3736, 1, 223, 'Turkey'),
(41017, 'Dogansar', 3736, 1, 223, 'Turkey'),
(41019, 'Golova', 3736, 1, 223, 'Turkey'),
(41023, 'Kangal', 3736, 1, 223, 'Turkey'),
(41025, 'Sarkisla', 3736, 1, 223, 'Turkey'),
(41027, 'Susehri', 3736, 1, 223, 'Turkey'),
(41029, 'Yildizeli', 3736, 1, 223, 'Turkey'),
(41031, 'Cerkezkoy', 3737, 1, 223, 'Turkey'),
(41033, 'Hayrabolu', 3737, 1, 223, 'Turkey'),
(41036, 'Muratli', 3737, 1, 223, 'Turkey'),
(41038, 'Sarkoy', 3737, 1, 223, 'Turkey'),
(41040, 'Almus', 3738, 1, 223, 'Turkey'),
(41042, 'Basciftlik', 3738, 1, 223, 'Turkey'),
(41044, 'Niksar', 3738, 1, 223, 'Turkey'),
(41046, 'Resadiye', 3738, 1, 223, 'Turkey'),
(41050, 'Yesilyurt', 3738, 1, 223, 'Turkey'),
(41052, 'Akcaabat', 3739, 1, 223, 'Turkey'),
(41054, 'Arsin', 3739, 1, 223, 'Turkey'),
(41056, 'Caykara', 3739, 1, 223, 'Turkey'),
(41058, 'Duzkoy', 3739, 1, 223, 'Turkey'),
(41060, 'Koprubasi', 3739, 1, 223, 'Turkey'),
(41063, 'Salpazari', 3739, 1, 223, 'Turkey'),
(41065, 'Tonya', 3739, 1, 223, 'Turkey'),
(41067, 'Vakfikebir', 3739, 1, 223, 'Turkey'),
(41069, 'Hozat', 3740, 1, 223, 'Turkey'),
(41071, 'Nazimiye', 3740, 1, 223, 'Turkey'),
(41073, 'Pertek', 3740, 1, 223, 'Turkey'),
(41074, 'Pulumur', 3740, 1, 223, 'Turkey'),
(41076, 'Banaz', 3741, 1, 223, 'Turkey'),
(41078, 'Karahalli', 3741, 1, 223, 'Turkey'),
(41080, 'Ulubey', 3741, 1, 223, 'Turkey'),
(41082, 'Bahcesaray', 3742, 1, 223, 'Turkey'),
(41084, 'Caldiran', 3742, 1, 223, 'Turkey'),
(41088, 'Gurpinar', 3742, 1, 223, 'Turkey'),
(41090, 'Ozalp', 3742, 1, 223, 'Turkey'),
(41092, 'Van', 3742, 1, 223, 'Turkey'),
(41094, 'Armutlu', 3743, 1, 223, 'Turkey'),
(41096, 'Cinarcik', 3743, 1, 223, 'Turkey'),
(41098, 'Yalova', 3743, 1, 223, 'Turkey'),
(41102, 'Candir', 3744, 1, 223, 'Turkey'),
(41104, 'Cekerek', 3744, 1, 223, 'Turkey'),
(41106, 'Saraykent', 3744, 1, 223, 'Turkey'),
(41108, 'Sefaatli', 3744, 1, 223, 'Turkey'),
(41110, 'Yenifakili', 3744, 1, 223, 'Turkey'),
(41112, 'Yozgat', 3744, 1, 223, 'Turkey'),
(41181, 'Bombo', 3762, 1, 227, 'Uganda'),
(41184, 'Jinja-Kawempe', 3762, 1, 227, 'Uganda'),
(41187, 'Kampala', 3762, 1, 227, 'Uganda'),
(41191, 'Kyotera', 3762, 1, 227, 'Uganda'),
(41194, 'Luwero', 3762, 1, 227, 'Uganda'),
(41197, 'Mityana', 3762, 1, 227, 'Uganda'),
(41199, 'Mubende', 3762, 1, 227, 'Uganda'),
(41203, 'Njeru', 3762, 1, 227, 'Uganda'),
(41205, 'Rakai', 3762, 1, 227, 'Uganda'),
(41207, 'Wakiso', 3762, 1, 227, 'Uganda'),
(41209, 'Bugembe', 3763, 1, 227, 'Uganda'),
(41214, 'Iganga', 3763, 1, 227, 'Uganda'),
(41216, 'Kaberamaido', 3763, 1, 227, 'Uganda'),
(41219, 'Katakwi', 3763, 1, 227, 'Uganda'),
(41221, 'Malaba', 3763, 1, 227, 'Uganda'),
(41226, 'Sironko', 3763, 1, 227, 'Uganda'),
(41230, 'Amudat', 3764, 1, 227, 'Uganda'),
(41232, 'Arua', 3764, 1, 227, 'Uganda'),
(41234, 'Kaabong', 3764, 1, 227, 'Uganda'),
(41237, 'Kotido', 3764, 1, 227, 'Uganda'),
(41239, 'Moroto', 3764, 1, 227, 'Uganda'),
(41240, 'Moyo', 3764, 1, 227, 'Uganda'),
(41242, 'Nebbi', 3764, 1, 227, 'Uganda'),
(41244, 'Paidha', 3764, 1, 227, 'Uganda'),
(41271, 'Cherkasy', 3766, 1, 228, 'Ukraine'),
(41273, 'Uman\'', 3766, 1, 228, 'Ukraine'),
(41275, 'Nizhyn', 3767, 1, 228, 'Ukraine'),
(41278, 'Alushta', 3769, 1, 228, 'Ukraine'),
(41281, 'Dnipropetrovsk', 3770, 1, 228, 'Ukraine'),
(41284, 'Nikopol\'', 3770, 1, 228, 'Ukraine'),
(41287, 'Plekhanov', 3770, 1, 228, 'Ukraine'),
(41289, 'Artemivs\'k', 3771, 1, 228, 'Ukraine'),
(41291, 'Donetsk', 3771, 1, 228, 'Ukraine'),
(41293, 'Dymytrov', 3771, 1, 228, 'Ukraine'),
(41295, 'Horlivka', 3771, 1, 228, 'Ukraine'),
(41297, 'Kostyantynivka', 3771, 1, 228, 'Ukraine'),
(41299, 'Krasnoarmiys\'k', 3771, 1, 228, 'Ukraine'),
(41301, 'Mariupol\'', 3771, 1, 228, 'Ukraine'),
(41303, 'Slov\'yans\'k', 3771, 1, 228, 'Ukraine'),
(41305, 'Torez', 3771, 1, 228, 'Ukraine'),
(41307, 'Ivano-Frankivs\'k', 3772, 1, 228, 'Ukraine'),
(41310, 'Izyum', 3773, 1, 228, 'Ukraine'),
(41312, 'Lozova', 3773, 1, 228, 'Ukraine'),
(41315, 'Nova Kakhovka', 3775, 1, 228, 'Ukraine'),
(41318, 'Khmel\'nyts\'kyy', 3776, 1, 228, 'Ukraine'),
(41321, 'Kirovohrad', 3777, 1, 228, 'Ukraine'),
(41323, 'Svidlovodsk', 3777, 1, 228, 'Ukraine'),
(41326, 'Kerch', 3778, 1, 228, 'Ukraine'),
(41329, 'Yevpatoriya', 3778, 1, 228, 'Ukraine'),
(41331, 'Kyyiv', 3779, 1, 228, 'Ukraine'),
(41333, 'Boryspil\'', 3780, 1, 228, 'Ukraine'),
(41336, 'Chervonohrad', 3781, 1, 228, 'Ukraine'),
(41338, 'L\'viv', 3781, 1, 228, 'Ukraine'),
(41341, 'Alchevs\'k', 3782, 1, 228, 'Ukraine'),
(41345, 'Krasnyy Luch', 3782, 1, 228, 'Ukraine'),
(41348, 'Lysychans\'k', 3782, 1, 228, 'Ukraine'),
(41350, 'Roven\'ky', 3782, 1, 228, 'Ukraine'),
(41353, 'Sverdlovs\'k', 3782, 1, 228, 'Ukraine'),
(41355, 'Mykolayiv', 3783, 1, 228, 'Ukraine'),
(41357, 'Bilhorod-Dnistrovs\'kyy', 3784, 1, 228, 'Ukraine'),
(41360, 'Odesa', 3784, 1, 228, 'Ukraine'),
(41364, 'Lubny', 3786, 1, 228, 'Ukraine'),
(41367, 'Konotop', 3789, 1, 228, 'Ukraine'),
(41371, 'Sumy', 3789, 1, 228, 'Ukraine'),
(41374, 'Luts\'k', 3791, 1, 228, 'Ukraine'),
(41376, 'Vinnitsa', 3792, 1, 228, 'Ukraine'),
(41378, 'Mukacheve', 3793, 1, 228, 'Ukraine'),
(41380, 'Berdyans\'k', 3794, 1, 228, 'Ukraine'),
(41384, 'Berdychiv', 3795, 1, 228, 'Ukraine'),
(41447, 'Bourne End', 3816, 1, 230, 'United Kingdom'),
(41457, 'Cambridge', 3817, 1, 230, 'United Kingdom'),
(41460, 'Peterborough', 3817, 1, 230, 'United Kingdom'),
(41523, 'Chesterfield', 3829, 1, 230, 'United Kingdom'),
(41528, 'Derby', 3830, 1, 230, 'United Kingdom'),
(41542, 'Dartmouth', 3831, 1, 230, 'United Kingdom'),
(41544, 'Exeter', 3831, 1, 230, 'United Kingdom'),
(41552, 'Plymouth', 3831, 1, 230, 'United Kingdom'),
(41597, 'Bath', 3842, 1, 230, 'United Kingdom'),
(41613, 'Birmingham', 3842, 1, 230, 'United Kingdom'),
(41617, 'Blackpool', 3842, 1, 230, 'United Kingdom'),
(41625, 'Bournemouth', 3842, 1, 230, 'United Kingdom'),
(41627, 'Bradford', 3842, 1, 230, 'United Kingdom'),
(41636, 'Bristol', 3842, 1, 230, 'United Kingdom'),
(41665, 'Chester', 3842, 1, 230, 'United Kingdom'),
(41702, 'Durham', 3842, 1, 230, 'United Kingdom'),
(41763, 'Hereford', 3842, 1, 230, 'United Kingdom'),
(41777, 'Hove', 3842, 1, 230, 'United Kingdom'),
(41803, 'Leeds', 3842, 1, 230, 'United Kingdom'),
(41804, 'Leicester', 3842, 1, 230, 'United Kingdom'),
(41811, 'Lincoln', 3842, 1, 230, 'United Kingdom'),
(41814, 'Liverpool', 3842, 1, 230, 'United Kingdom'),
(41816, 'London', 3842, 1, 230, 'United Kingdom'),
(41831, 'Manchester', 3842, 1, 230, 'United Kingdom'),
(41851, 'Newcastle upon Tyne', 3842, 1, 230, 'United Kingdom'),
(41863, 'Norwich', 3842, 1, 230, 'United Kingdom'),
(41864, 'Nottingham', 3842, 1, 230, 'United Kingdom'),
(41872, 'Oxford', 3842, 1, 230, 'United Kingdom'),
(41880, 'Portsmouth', 3842, 1, 230, 'United Kingdom'),
(41910, 'Salford', 3842, 1, 230, 'United Kingdom'),
(41916, 'Sheffield', 3842, 1, 230, 'United Kingdom'),
(41927, 'South Shields', 3842, 1, 230, 'United Kingdom'),
(42013, 'Wolverhampton', 3842, 1, 230, 'United Kingdom'),
(42015, 'Worcester', 3842, 1, 230, 'United Kingdom'),
(42021, 'York', 3842, 1, 230, 'United Kingdom'),
(42085, 'South Harting', 3851, 1, 230, 'United Kingdom'),
(42086, 'Southampton', 3851, 1, 230, 'United Kingdom'),
(42154, 'Glasgow', 3861, 1, 230, 'United Kingdom'),
(42272, 'Abergavenny', 3874, 1, 230, 'United Kingdom'),
(42348, 'Aberdeen', 3889, 1, 230, 'United Kingdom'),
(42377, 'Dundee', 3889, 1, 230, 'United Kingdom'),
(42382, 'Edinburgh', 3889, 1, 230, 'United Kingdom'),
(42464, 'Stoke on Trent', 3897, 1, 230, 'United Kingdom'),
(42488, 'Kingston Upon Thames', 3900, 1, 230, 'United Kingdom'),
(42504, 'Brighton', 3901, 1, 230, 'United Kingdom'),
(42520, 'Cardiff', 3906, 1, 230, 'United Kingdom'),
(42553, 'Swansea', 3906, 1, 230, 'United Kingdom'),
(42557, 'Coventry', 3907, 1, 230, 'United Kingdom'),
(42576, 'Salisbury', 3913, 1, 230, 'United Kingdom'),
(42633, 'Jacksonville', 3919, 1, 231, 'United States'),
(42727, 'Phoenix', 3921, 1, 231, 'United States'),
(42746, 'Tucson', 3921, 1, 231, 'United States'),
(42852, 'Bostonia', 3924, 1, 231, 'United States'),
(43067, 'Long Beach', 3924, 1, 231, 'United States'),
(43070, 'Los Angeles', 3924, 1, 231, 'United States'),
(43071, 'Los Angeles East', 3924, 1, 231, 'United States'),
(43228, 'Sacramento', 3924, 1, 231, 'United States'),
(43236, 'San Diego', 3924, 1, 231, 'United States'),
(43242, 'San Jose', 3924, 1, 231, 'United States'),
(43408, 'Denver', 3926, 1, 231, 'United States'),
(43432, 'Louisville', 3926, 1, 231, 'United States'),
(43769, 'Miami', 3930, 1, 231, 'United States'),
(43809, 'Orlando', 3930, 1, 231, 'United States'),
(43929, 'Atlanta', 3931, 1, 231, 'United States'),
(43962, 'Dallas', 3931, 1, 231, 'United States'),
(43963, 'Dalton', 3931, 1, 231, 'United States'),
(44039, 'Savannah', 3931, 1, 231, 'United States'),
(44072, 'Honolulu', 3932, 1, 231, 'United States'),
(44173, 'Chicago', 3934, 1, 231, 'United States'),
(44373, 'Washington', 3934, 1, 231, 'United States'),
(44429, 'Indianapolis', 3935, 1, 231, 'United States'),
(44545, 'Kansas City', 3937, 1, 231, 'United States'),
(44555, 'Minneapolis', 3937, 1, 231, 'United States'),
(44685, 'New Orleans', 3939, 1, 231, 'United States'),
(44757, 'Baltimore', 3942, 1, 231, 'United States'),
(44918, 'Boston', 3943, 1, 231, 'United States'),
(45100, 'Charlotte', 3945, 1, 231, 'United States'),
(45114, 'Detroit', 3945, 1, 231, 'United States'),
(45221, 'Saint Louis', 3945, 1, 231, 'United States'),
(45299, 'Houston', 3946, 1, 231, 'United States'),
(45568, 'Omaha', 3950, 1, 231, 'United States'),
(45577, 'Las Vegas', 3951, 1, 231, 'United States'),
(47668, 'West New York', 3953, 1, 231, 'United States');
INSERT INTO `cities` (`city_id`, `city_name`, `state_id`, `status`, `country_id`, `country_name`) VALUES
(47669, 'Washington Township', 3953, 1, 231, 'United States'),
(48019, 'New York', 3956, 1, 231, 'United States'),
(48133, 'Raleigh', 3957, 1, 231, 'United States'),
(45645, 'Cincinnati', 3959, 1, 231, 'United States'),
(45647, 'Cleveland', 3959, 1, 231, 'United States'),
(45726, 'New Philadelphia', 3959, 1, 231, 'United States'),
(45850, 'Oklahoma City', 3960, 1, 231, 'United States'),
(45913, 'Milwaukie', 3962, 1, 231, 'United States'),
(45923, 'Portland', 3962, 1, 231, 'United States'),
(45982, 'Columbia', 3963, 1, 231, 'United States'),
(46113, 'Philadelphia', 3963, 1, 231, 'United States'),
(46115, 'Phoenixville', 3963, 1, 231, 'United States'),
(46117, 'Pittsburgh', 3963, 1, 231, 'United States'),
(48225, 'Charlestown', 3965, 1, 231, 'United States'),
(46242, 'Memphis', 3969, 1, 231, 'United States'),
(46322, 'Columbus', 3970, 1, 231, 'United States'),
(46348, 'El Paso', 3970, 1, 231, 'United States'),
(46359, 'Fort Worth', 3970, 1, 231, 'United States'),
(46488, 'San Antonio', 3970, 1, 231, 'United States'),
(46661, 'Charlottesville', 3974, 1, 231, 'United States'),
(46875, 'Seattle', 3975, 1, 231, 'United States'),
(46990, 'Saint Francis', 3977, 1, 231, 'United States');

-- --------------------------------------------------------

--
-- Table structure for table `countries`
--

CREATE TABLE `countries` (
  `country_id` int(11) NOT NULL,
  `sortname` varchar(3) NOT NULL,
  `country_name` varchar(150) NOT NULL,
  `phonecode` int(11) NOT NULL,
  `status` tinyint(4) NOT NULL DEFAULT '1'
) ENGINE=InnoDB DEFAULT CHARSET=utf8;

--
-- Dumping data for table `countries`
--

INSERT INTO `countries` (`country_id`, `sortname`, `country_name`, `phonecode`, `status`) VALUES
(10, 'ar', 'Argentina', 54, 1),
(14, 'at', 'Austria', 43, 1),
(18, 'bd', 'Bangladesh', 880, 1),
(20, 'by', 'Belarus', 375, 1),
(21, 'be', 'Belgium', 32, 1),
(26, 'bo', 'Bolivia', 591, 1),
(30, 'br', 'Brazil', 55, 1),
(33, 'bg', 'Bulgaria', 359, 1),
(36, 'kh', 'Cambodia', 855, 1),
(38, 'ca', 'Canada', 1, 1),
(44, 'cn', 'China', 86, 1),
(47, 'co', 'Colombia', 57, 1),
(56, 'cy', 'Cyprus', 357, 1),
(58, 'dk', 'Denmark', 45, 1),
(68, 'ee', 'Estonia', 372, 1),
(74, 'fi', 'Finland', 358, 1),
(75, 'fr', 'France', 33, 1),
(81, 'ge', 'Georgia', 995, 1),
(82, 'de', 'Germany', 49, 1),
(85, 'gr', 'Greece', 30, 1),
(98, 'hk', 'Hong Kong', 852, 1),
(99, 'hu', 'Hungary', 36, 1),
(101, 'in', 'India', 91, 1),
(102, 'id', 'Indonesia', 62, 1),
(105, 'ie', 'Ireland', 353, 1),
(107, 'it', 'Italy', 39, 1),
(109, 'jp', 'Japan', 81, 1),
(120, 'lv', 'Latvia', 371, 1),
(126, 'lt', 'Lithuania', 370, 1),
(127, 'lu', 'Luxembourg', 352, 1),
(132, 'my', 'Malaysia', 60, 1),
(135, 'mt', 'Malta', 356, 1),
(142, 'mx', 'Mexico', 52, 1),
(145, 'mc', 'Monaco', 377, 1),
(160, 'ng', 'Nigeria', 234, 1),
(164, 'no', 'Norway', 47, 1),
(166, 'pk', 'Pakistan', 92, 1),
(169, 'pa', 'Panama', 507, 1),
(172, 'pe', 'Peru', 51, 1),
(175, 'pl', 'Poland', 48, 1),
(176, 'pt', 'Portugal', 351, 1),
(178, 'qa', 'Qatar', 974, 1),
(180, 'ro', 'Romania', 40, 1),
(181, 'ru', 'Russia', 70, 1),
(193, 'rs', 'Serbia', 381, 1),
(196, 'sg', 'Singapore', 65, 1),
(197, 'sk', 'Slovakia', 421, 1),
(202, 'za', 'South Africa', 27, 1),
(205, 'es', 'Spain', 34, 1),
(206, 'lk', 'Sri Lanka', 94, 1),
(211, 'se', 'Sweden', 46, 1),
(212, 'ch', 'Switzerland', 41, 1),
(217, 'th', 'Thailand', 66, 1),
(223, 'tr', 'Turkey', 90, 1),
(227, 'ug', 'Uganda', 256, 1),
(228, 'ua', 'Ukraine', 380, 1),
(230, 'gb', 'United Kingdom', 44, 1),
(231, 'us', 'United States', 1, 1),
(238, 'vn', 'Vietnam', 84, 1);

-- --------------------------------------------------------

--
-- Table structure for table `members`
--

CREATE TABLE `members` (
  `id` int(11) NOT NULL,
  `username` varchar(255) NOT NULL,
  `email` varchar(255) NOT NULL,
  `password` varchar(255) NOT NULL,
  `contact_number` varchar(255) NOT NULL,
  `status` tinyint(1) NOT NULL,
  `created_date` datetime NOT NULL,
  `updated_date` datetime NOT NULL,
  `updated_by` int(11) NOT NULL
) ENGINE=InnoDB DEFAULT CHARSET=latin1;

--
-- Dumping data for table `members`
--

INSERT INTO `members` (`id`, `username`, `email`, `password`, `contact_number`, `status`, `created_date`, `updated_date`, `updated_by`) VALUES
(1, 'test user', 'prince.rathod111@gmail.com', '12345', '9967313968', 1, '2018-08-07 20:07:03', '0000-00-00 00:00:00', 0),
(2, 'tabrej_khn', 'test@gmail.com', '123', '9967313968', 1, '2018-08-07 20:10:40', '0000-00-00 00:00:00', 0);

-- --------------------------------------------------------

--
-- Table structure for table `payment_category`
--

CREATE TABLE `payment_category` (
  `id` int(11) NOT NULL,
  `payment_category_name` varchar(255) NOT NULL
) ENGINE=InnoDB DEFAULT CHARSET=latin1;

--
-- Dumping data for table `payment_category`
--

INSERT INTO `payment_category` (`id`, `payment_category_name`) VALUES
(1, 'Free Listings'),
(2, 'Top Listings'),
(3, 'Premium Links'),
(4, 'VIP escort girls');

-- --------------------------------------------------------

--
-- Table structure for table `payment_period`
--

CREATE TABLE `payment_period` (
  `id` int(11) NOT NULL,
  `payment_period_description` varchar(255) NOT NULL,
  `days` int(11) NOT NULL,
  `fk_payment_category_id` int(11) NOT NULL,
  `amount` int(11) NOT NULL
) ENGINE=InnoDB DEFAULT CHARSET=latin1;

--
-- Dumping data for table `payment_period`
--

INSERT INTO `payment_period` (`id`, `payment_period_description`, `days`, `fk_payment_category_id`, `amount`) VALUES
(1, 'One month: 20 (One-time / no recurring)', 30, 2, 20),
(2, 'Three months: 50 (One-time / no recurring)', 90, 2, 50),
(3, 'Six months: 90 (One-time / no recurring)', 180, 2, 90),
(4, 'One Year: 170 (One-time / no recurring)', 360, 2, 170),
(5, 'free listing for 30 days', 30, 1, 0),
(6, 'free listing for 60 days', 60, 1, 0),
(7, 'One month: 40 (One-time / no recurring)', 30, 3, 40),
(8, 'Three months: 100 (One-time / no recurring)', 90, 3, 100),
(9, 'Six months: 190 (One-time / no recurring)', 180, 3, 190),
(10, 'One Year: 360 (One-time / no recurring)', 360, 3, 360),
(11, 'One month: 60 (One-time / no recurring)', 30, 4, 60),
(12, 'Three months: 160 (One-time / no recurring)', 90, 4, 160),
(13, 'Six months: 300 (One-time / no recurring)', 180, 4, 300),
(14, 'One Year: 560 (One-time / no recurring)', 360, 4, 560);

-- --------------------------------------------------------

--
-- Table structure for table `profiles`
--

CREATE TABLE `profiles` (
  `id` int(11) NOT NULL,
  `name` varchar(255) NOT NULL,
  `email` varchar(255) NOT NULL,
  `website_url` varchar(255) NOT NULL,
  `title` varchar(255) NOT NULL,
  `description` text NOT NULL,
  `fk_country_id` int(11) NOT NULL,
  `fk_city_id` int(11) NOT NULL,
  `image` varchar(255) NOT NULL,
  `fk_type_id` int(11) NOT NULL,
  `fk_payment_category_id` int(11) NOT NULL,
  `fk_payment_period` int(11) NOT NULL,
  `user_id` int(11) NOT NULL,
  `status` tinyint(1) NOT NULL,
  `created_by` int(11) NOT NULL,
  `created_date` datetime NOT NULL,
  `activation_date` datetime NOT NULL,
  `expiry_date` datetime NOT NULL,
  `updated_by` int(11) NOT NULL,
  `updated_date` datetime NOT NULL,
  `contact_number` varchar(255) NOT NULL
) ENGINE=InnoDB DEFAULT CHARSET=latin1;

--
-- Dumping data for table `profiles`
--

INSERT INTO `profiles` (`id`, `name`, `email`, `website_url`, `title`, `description`, `fk_country_id`, `fk_city_id`, `image`, `fk_type_id`, `fk_payment_category_id`, `fk_payment_period`, `user_id`, `status`, `created_by`, `created_date`, `activation_date`, `expiry_date`, `updated_by`, `updated_date`, `contact_number`) VALUES
(1, 'escortsfame', 'escortsfame@gmail.com', 'http://escortsfame.com/', 'Mumbai escorts services top model high class independent escorts in mumbai', 'Dubai escorts are best among the rest as they include independent escorts who are not linked with the industry but available every time for the clients to provide endless services. Dubai escorts also include model female escorts along with VIP High profile escorts who are available for High elite in order to provide sexual services. Rates of these escorts are best which can be easily taken up by the normal clients. Our agency is best as they offer services anytime and anywhere. Simply clients will have to call them on toll free number to get their appointment done or to get the details about the escorts. They can simply choose the best escorts according to their needs and requirement after viewing their images from the list uploaded in the site. These escorts are best as they provide inbound services which will include oral and anal sex services which are the common demand of the clients. They want to enjoy these services to such extent till they reach up to satisfaction level by discharging their sperm. Apart from that they want to take up the hand services where they wish to have escorts hand on their main part which will also provide them satisfaction mode. Clients also want to enjoy put into mouth facility where they like to discharge their sperm into the mouth of the escorts which gave them more relaxation. Sucking and fucking facility is also demanded by the clients where they enjoy sucking their boobs again and again and put their fingers and tongue on their main part. All the above services are enjoyed by them to such extents which satisfy clients fully. Not only this, clients wanted to have non- sexual services by way of dating and erotic massage facility where they love to have body massage by escorts who relieves their stress and tension from the body and makes them energetic ready to take any kind of work in future. Thus the services provided by them are best and unique where clients wish to have them again and again for personal and physical satisfaction.', 101, 2707, '491df0645b02df9b02ed0357c57d548f.jpg', 2, 3, 90, 0, 1, 0, '2018-08-06 20:53:41', '2018-08-06 20:53:41', '2018-06-06 20:53:41', 0, '0000-00-00 00:00:00', '0000000000'),
(2, 'larakapoor', 'larakapoor@gmail.com', 'http://www.larakapoor.com/', 'Smart Fizzy Escorts and Call Girls in Mumbai!', 'Individuals can discover the perfect combination of appeal, appeal, and beautifulness with our charming escort and call girls in Mumbai. Our agreement for making your persistence very special and exquisite is all reliable upon selecting our models. Thus we are very serious in sessions of each and every girl, confirming their social skills, health and fitness and sense of humor. We also see good educational record of our girls and ensure to give high-class escort and call girl service in Mumbai with our knowledgeable, well-spoken and very honest girls. You will get fan of their boldness because most of our agency escort and call girls are friendly and respects your feelings.The area sees this as an option, making additional cash. The industry provides you the almost all profitable wage and various other alternatives. You will get provided the establishments to choose from different places where you need to get. Either you can decide to be five-star hotels and enjoy their warm alternatives. The big taken people will guide you, and you will get to fulfil with them. You will understand different things about the different industry from them. It may improve your knowledge and service you to bridegroom yourself in a much better way. Become a member of the Escort and call girls in Mumbai.', 101, 2707, '7648aa35228f9362b8e48b09a7fde528.jpg', 1, 4, 180, 0, 1, 0, '2018-08-06 20:55:58', '2018-08-06 20:55:58', '2019-02-02 20:55:58', 0, '0000-00-00 00:00:00', '0000000000'),
(3, 'roshanipatel', 'roshanipatel@gmail.com', 'http://roshanipatel.com/', 'Bangalore Escorts Genuine Photo Gallery - Available Now!', 'Perfect Mumbai Escorts is a high class escort agency where you can find the finest escorts from around the world. All Mumbai escorts want to be part of our agency but we pride ourselves for having only the best and most beautiful escort girls in Mumbai. \r\nOur escort agency has gain an excellent reputation and it is very well trusted so much for all Mumbai escorts but also our clients. \r\nOur name Perfect Mumbai Escorts speaks for itself. We have a selection process to ensure that only the best, sexiest and most beautiful girls join our agency. \r\nMumbai is a cosmopolitan city and therefore it attracts people from all over the world. We have escorts from many different backgrounds and most of them speak various languages. They all are very well educated and are able to communicate at every level. \r\nThe job of All Mumbai Escorts, is to make the client feel at ease and comfortable in her company. Whether it is going to the Theater, a good restaurant or maybe going out with some friends to a night club. \r\nWe have all type of escort. Whether you are looking for a blonde or maybe a brunette escort. Perhaps a Latin or maybe a Russian escort we have them all. \r\nOur blonde esc?rts are charming, stunning, lustful, sexy or I could simply say just perfect. Theyll entertain you just the way you like. Our Latin and curvy Brazilian escorts may take you to places you didnt even know existed. Maybe you would like to date one of our enigmatic and stunning Russian Escorts. Perhaps you are more into brunette escorts, they could be your true dream c?me true. But perhaps our busty Escorts are the best of all. Beautiful, sexy, petite, busty, curvy, intense, we have them all! Also pay attention t? the A Level gallery if you would like some adventure. ', 101, 1558, 'c0ef88639a537da4d5d6c7d1d201da2a.jpg', 1, 3, 180, 0, 1, 0, '2018-08-06 20:57:38', '2018-08-06 20:57:38', '2019-02-02 20:57:38', 0, '0000-00-00 00:00:00', '0000000000'),
(4, 'rinkipatel', 'rinkipatel@gmail.com', 'http://www.rinkipatel.com/', 'Bangalore Escorts Girls - Rinki Patel', 'Our Delhi based totally escorts company has connection with national and international escorts of every age and profiles. From cheapest and cutest finances escorts to most aristocratic high profile fashions and celebrities, we\'ve got all the best surprises for our treasured customers. Our enterprise network may be very severe and robust and this is the purpose we optimistically agree to offer any level of pleasure and offerings to our customers as we know that there\'s not anything concerning escort offerings that we cant get right of entry to an offer. Our escort organization collection typically receives refreshed and maximum cute new escorts are constantly welcomed and especially skilled through our professional and expert team.\r\n\r\nOur Delhi based escorts business enterprise has reference to national and global escorts of every age and profiles. From cheapest and cutest finances escorts to maximum aristocratic high profile fashions and celebrities, we\'ve all of the fine surprises for our precious clients. Our enterprise network is very severe and strong and that is the reason we confidently comply with offer any degree of delight and offerings to our customers as we understand that there may be not anything concerning escort services that we cant access and offer. Our escort company collection commonly receives refreshed and maximum cute new escorts are continually welcomed and specifically educated by way of our skilled and expert group.', 101, 1558, '16591c3cedd25cca4b67cc06f26f4e9b.jpg', 1, 3, 360, 0, 1, 0, '2018-08-06 20:59:03', '2018-08-06 20:59:03', '2018-03-06 20:59:03', 0, '0000-00-00 00:00:00', '0000000000'),
(5, 'nehatandan', 'nehatandan@gmail.com', 'http://www.nehatandan.com/', 'Pune Escorts Brief introduction about me!', 'Her track record is a testimony to the fact that she is a part of High profile escort service in Pune. She is fairly educated, trained and is aware of drawing people towards here. In her words  I belong to a high class family and my main objective is to offer services that leaves no stone unturned and provides the highest level of satisfaction to my clients. She is an integral part of Pune Independent escort services and is here to stay big time. My logic is simple, if you are looking for something extra in your sex life, then come to me as part of Model escort services in Pune. All your wishes will be my command.\r\n\r\nI am elegant, stylish, friendly to converse that will attract people towards me. I have a sexy complexion and my figure goes nothing apart from the word awesome. Going to the gym is a routine activity on my part to keep this figure intact. As a part of VIP model escort service in Pune, my services are offered on the inbound and outbound platform and I am willing to dress according to the tastes of my client and their wish is my command. It would be an understatement on my part to say that if you are looking for Pune escort service then your choice has to be me.', 101, 2763, 'a9b7ce0a0f8b4cae44651c1c241eb09c.jpg', 1, 4, 180, 0, 1, 0, '2018-08-07 13:07:28', '2018-08-07 13:07:28', '2019-02-03 13:07:28', 0, '0000-00-00 00:00:00', '0000000000'),
(6, 'afiyakhan', 'afiyakhan@gmail.com', 'http://afiyakhan.com/', 'Meet Most Popular Female Escorts in Mumbai', 'When a client tends to visit an Mumbai escorts the first and foremost thing that comes to your mind is sexual appeal. It works as a magnet and at the first meeting you are bound to be bowled over for sure. The reason for it is that the onus is on the individual to take all the pain in this regard. She has to go on and maintain the right diet, exercise and when you tend to have the right form of outfit it will add to the sexual appeal of your body. These sorts of things you will not get from a cheap escort for sure.\r\n\r\nThe services are affordable and all this tends to come at a cost which you would like to spend. One thing that you can be assured is that the services are provided at your doorstep. All of us hold one common ground that we would like to be in the company of a beautiful woman at a function or a social gathering or for the matter a family encounter as well. In this regard, you do not have to burn a hole in your pocket as the services are provided without too much cost. You are earning well to enjoy life to the core. In the quest to work hard, we tend to offer you services which you are bound to enjoy to the core. In fact the prices are so reasonable that you can have fun during the day and the night. They are committed that the charges need to be low , so that the clients are drawn to them. In fact ,you will find that our prices are so low that you can look at it as a dating option as well. You can ask her to accompany you to a restaurant for dinner.\r\n\r\nYou just need to wait for her and you might be aware of the fact that in the modern world of today, time is indeed more important than money. You will need to do it in a dating domain without being aware of the end result in the future. Girls tend to make boys as puppets and their main objective is to trap a middle class guy and make some quick bucks. This is in complete contrast to what an escort profession has to offer as you choose the girl, seeing her picture , go through the profiles and then finally decide the time and the duration of the encounter. When you meet her and open your heart out to her you will be comfortable with the fact that you can share anything with her. There is no question of shyness as she will make the environment comfortable for you. In fact she is expected to break the ice between you and start the conversation and it tends to keep on going with a solid sense of humor. You can take any topic under the sun with her and trust me she will be more than happy to listen to your views. In fact you will be stunned at the fact that she is more than conversant in any topic. If you are new in the city this is the best way to spend quality time without too much spending in the first place. She is gentle and will be more than happy to mingle with you', 101, 2707, 'e59bb31a24df37b38a31adca0583276f.jpg', 1, 3, 90, 0, 1, 0, '2018-08-07 13:27:24', '2018-08-07 13:27:24', '2018-11-05 13:27:24', 0, '0000-00-00 00:00:00', '0000000000'),
(7, 'nehatandan', 'nehatandan@gmail.com', 'http://www.nehatandan.com/details.php', 'Pune Escorts Brief introduction about me!', 'No way denying the fact that we are a high profile Pune escort service and the testimonies of our clients is a testimony to that fact. If you are look for deluxe models to cater to any occasion or feel the need for a companion, then get in touch with us as we are totally committed in servicing our clients. Our model base is not only restricted to the heart of Pune city, but it extends to the fringes as well in places like Bhosari, Bhudwar Peth along with Koregaon Park as well. Not only our Escorts in Pune are there for your personal or sexual fulfillment, they can go a long way in endorsing your brands, photo shoot or assignment. In short they be very much part of any social event where you are looking to create an impression', 101, 2763, 'ae99580694598ab5de4615e1416a0bed.jpg', 1, 1, 60, 0, 1, 0, '2018-08-07 14:08:29', '2018-08-07 14:08:29', '2018-10-06 14:08:29', 0, '0000-00-00 00:00:00', '0000000000'),
(8, 'delhiescortsin', 'delhiescortsin@gmail.com', 'http://delhiescortsin.com/', 'Delhi Escorts Genuine Photo Gallery - Available Now!', 'Our Delhi based escorts business enterprise has reference to national and global escorts of every age and profiles. From cheapest and cutest finances escorts to maximum aristocratic high profile fashions and celebrities, we\'ve all of the fine surprises for our precious clients. Our enterprise network is very severe and strong and that is the reason we confidently comply with offer any degree of delight and offerings to our customers as we understand that there may be not anything concerning escort services that we cant access and offer. Our escort company collection commonly receives refreshed and maximum cute new escorts are continually welcomed and specifically educated by way of our skilled and expert group.\r\n\r\nGet out of common ebullience of everyday existence and rustic mirth. Explore something heavenly and out of the container. Choose an independent Delhi escort services devoted to supplying superior erotic delight, genuine non-public care and best panacea in your each passion and sensuousness.Get out of not unusual ebullience of everyday existence and rustic mirth. Discover something heavenly and out of the box. Pick out a VIP Delhi escort devoted to supplying gold standard erotic pleasure, proper non-public care and best panacea in your each passion and sensuousness.\r\n\r\nGet out of commonplace ebullience of regular lifestyles and rustic mirth. Discover something heavenly and out of the container. Pick an independent Delhi escort committed to offering premiere erotic pleasure, authentic private care and best panacea in your every passion and sensuousness.', 101, 706, 'bc3354257eded72bc702ddf5b6ee7371.jpg', 1, 1, 60, 0, 1, 0, '2018-08-07 14:10:57', '2018-08-07 14:10:57', '2018-10-06 14:10:57', 0, '0000-00-00 00:00:00', '0000000000'),
(9, 'farinluck', 'farinluck@gmail.com', 'http://www.farinluck.com/', 'TOP CLASS MODEL ESCORT IN MUMBAI - farinluck', 'When a client tends to visit an Mumbai Escorts the first and foremost thing that comes to your mind is sexual appeal. It works as a magnet and at the first meeting you are bound to be bowled over for sure. The reason for it is that the onus is on the individual to take all the pain in this regard. She has to go on and maintain the right diet, exercise and when you tend to have the right form of outfit it will add to the sexual appeal of your body. These sorts of things you will not get from a cheap escort for sure.\r\nThe services are affordable and all this tends to come at a cost which you would like to spend. One thing that you can be assured is that the services are provided at your doorstep. All of us hold one common ground that we would like to be in the company of a beautiful woman at a function or a social gathering or for the matter a family encounter as well. In this regard, you do not have to burn a hole in your pocket as the services are provided without too much cost. You are earning well to enjoy life to the core. In the quest to work hard, we tend to offer you services which you are bound to enjoy to the core. In fact the prices are so reasonable that you can have fun during the day and the night. They are committed that the charges need to be low , so that the clients are drawn to them. In fact ,you will find that our prices are so low that you can look at it as a dating option as well. You can ask her to accompany you to a restaurant for dinner.\r\nYou just need to wait for her and you might be aware of the fact that in the modern world of today, time is indeed more important than money. You will need to do it in a dating domain without being aware of the end result in the future. Girls tend to make boys as puppets and their main objective is to trap a middle class guy and make some quick bucks. This is in complete contrast to what an Mumbai Independent Escorts has to offer as you choose the girl, seeing her picture , go through the profiles and then finally decide the time and the duration of the encounter. When you meet her and open your heart out to her you will be comfortable with the fact that you can share anything with her. There is no question of shyness as she will make the environment comfortable for you. In fact she is expected to break the ice between you and start the conversation and it tends to keep on going with a solid sense of humor. You can take any topic under the sun with her and trust me she will be more than happy to listen to your views. In fact you will be stunned at the fact that she is more than conversant in any topic. If you are new in the city this is the best way to spend quality time without too much spending in the first place. She is gentle and will be more than happy to mingle with you.\r\nLife is full of excitement and the real challenge lies in taking things in a positive manner and if you tend to become a bit negative then your life is bound to become a hell. The real smartness lies in the fact that one should be positive, accept the truth of life and go on continuing the deeds that they have been doing till now. Do not be taken back the stress of life as one is bound to reap the rewards of it in the days to come. You are the corner stone of all your actions and enjoy life as it comes on to you. The message in life is that you care for others and they will care for you on all counts. In fact when you feel that your mind is tired and you need an erotic massage or a dose of lovemaking then hold no step back and go on to avail the services of an escort. When you tend to spend time in her company all the tiredness will be a thing of the past. You will be in a fresh state of mind and all the more prepared to face all the challenges in the days to come. In the company of an escort you will find that you are talking to a friend and take all her advices as you can be rest assured of the fact that it will hold you good in the days to come.', 101, 2707, 'a8228dbe3bf3f8cbc7856f24d7d5536e.jpg', 2, 2, 90, 0, 1, 0, '2018-08-07 14:12:35', '2018-08-07 14:12:35', '2018-11-05 14:12:35', 0, '0000-00-00 00:00:00', '0000000000'),
(10, 'mahikapur', 'mahikapur@gmail.com', 'http://mahikapur.com/', 'Most Popular Chennai Escorts', ' are preferred by men who tend to hold a prominent place in the society. Many of us tend to have reservation about the level of services that they provide, but the silver lining is that the escorts tend to have the same likes and preferences as the clients do. It depends on the individual tastes of the clients as some of them tend to prefer services in their hotel room. The rates are determined on an hourly basis and sometimes it can be at a 5 star hotel as well.  are preferred by men who tend to hold a prominent place in the society. Many of us tend to have reservation about the level of services that they provide, but the silver lining is that the escorts tend to have the same likes and preferences as the clients do. It depends on the individual tastes of the clients as some of them tend to prefer services in their hotel room. The rates are determined on an hourly basis and sometimes it can be at a 5 star hotel as well.  are preferred by men who tend to hold a prominent place in the society. Many of us tend to have reservation about the level of services that they provide, but the silver lining is that the escorts tend to have the same likes and preferences as the clients do. It depends on the individual tastes of the clients as some of them tend to prefer services in their hotel room. The rates are determined on an hourly basis and sometimes it can be at a 5 star hotel as well.', 101, 3659, 'fd98e0e5b2d3213915dc357f13094c7d.jpg', 1, 4, 180, 0, 1, 0, '2018-08-07 14:40:25', '2018-08-07 14:40:25', '2019-02-03 14:40:25', 0, '0000-00-00 00:00:00', '0000000000'),
(11, 'komalshrma', 'komalshrma@gmail.com', 'http://www.komalshrma.com/', ' Enjoy the Friendly Approach of Bangalore Escort woman ', 'Bangalore Escorts are great for those who prefer females escort services during their stay in Bangalore and surroundings. Bangalore is one of the popular places in India and this place is will definitely serve what you want. You will discover exclusive escorts girls in Bangalore who are always prepared to give the ideal efforts and experience. As Bangalore is one of the growing towns across Indian the quality of life is superb, so if you are prepared to invest a good sum of money you can get the best lovemaking in your lifestyle from the  Bangalore Escorts are great for those who prefer females escort services during their stay in Bangalore and surroundings. Bangalore is one of the popular places in India and this place is will definitely serve what you want. You will discover exclusive escorts girls in Bangalore who are always prepared to give the ideal efforts and experience. As Bangalore is one of the growing towns across Indian the quality of life is superb, so if you are prepared to invest a good sum of money you can get the best lovemaking in your lifestyle from the  Bangalore Escorts are great for those who prefer females escort services during their stay in Bangalore and surroundings. Bangalore is one of the popular places in India and this place is will definitely serve what you want. You will discover exclusive escorts girls in Bangalore who are always prepared to give the ideal efforts and experience. As Bangalore is one of the growing towns across Indian the quality of life is superb, so if you are prepared to invest a good sum of money you can get the best lovemaking in your lifestyle from the ', 101, 1558, '7dd79999e4e915b1cfb2c96e098e899d.jpg', 1, 1, 60, 0, 1, 0, '2018-08-08 14:56:35', '2018-08-08 14:56:35', '2018-10-07 14:56:35', 0, '0000-00-00 00:00:00', ''),
(12, 'mahikapur', 'mahikapur@gmail.com', 'http://mahikapur.com/', 'Mumbai escorts services top model high class independent escorts in mumbai', 'So how do you hire them in the first place? To start off the process, you can go on to pay a visit to the picture gallery. Go through the pictures in details and find out whether they are of the service provider in the first place. In fact a first hand knowledge of photography will help you find out whether they are real or fake. Sometimes you can easily figure out whether some form of masking has been done to make the pictures look all the more attractive or not. It is suggested that you always go on to avail the services of high profile escorts as most of them tend to undertake medical checks at frequent intervals. To be safe and secure you can also ask for the latest medical report as it ensures that the lady in question is free from any form of sexually transmitted disease as well. Most of the time it is less than 7 days and if the lady is safe then the client is safe and you can enjoy the best of oral and physical pleasure without any form of tensions as well.\r\n\r\nSo how do you hire them in the first place? To start off the process, you can go on to pay a visit to the picture gallery. Go through the pictures in details and find out whether they are of the service provider in the first place. In fact a first hand knowledge of photography will help you find out whether they are real or fake. Sometimes you can easily figure out whether some form of masking has been done to make the pictures look all the more attractive or not. It is suggested that you always go on to avail the services of high profile escorts as most of them tend to undertake medical checks at frequent intervals. To be safe and secure you can also ask for the latest medical report as it ensures that the lady in question is free from any form of sexually transmitted disease as well. Most of the time it is less than 7 days and if the lady is safe then the client is safe and you can enjoy the best of oral and physical pleasure without any form of tensions as well.\r\n\r\nSo how do you hire them in the first place? To start off the process, you can go on to pay a visit to the picture gallery. Go through the pictures in details and find out whether they are of the service provider in the first place. In fact a first hand knowledge of photography will help you find out whether they are real or fake. Sometimes you can easily figure out whether some form of masking has been done to make the pictures look all the more attractive or not. It is suggested that you always go on to avail the services of high profile escorts as most of them tend to undertake medical checks at frequent intervals. To be safe and secure you can also ask for the latest medical report as it ensures that the lady in question is free from any form of sexually transmitted disease as well. Most of the time it is less than 7 days and if the lady is safe then the client is safe and you can enjoy the best of oral and physical pleasure without any form of tensions as well.', 101, 2707, '3d9bedda32da36d241b769dc5045befd.jpg', 1, 1, 60, 0, 1, 0, '2018-08-10 03:39:04', '2018-08-10 03:39:04', '2018-10-09 03:39:04', 0, '0000-00-00 00:00:00', ''),
(13, 'soniyapanday', 'soniyapanday@gmail.com', 'http://soniyapanday.com/', 'YOU WILL BE RELAXED AND COMFORTABLE WITH MUMBAI ESCORT SERVICES', 'It is not only restricted to the guests and other members, if your heart desires you can go on and explore these girls only and only for yourself. In a way it means that there will be no form of disturbance and they will be complete privacy where only both of you will be there. Say for example, you can plan a small weekend somewhere or a short trip where both of you will be only theirs. Here you can go on and explore the real meaning of entertainment. You can take her out on a movie or a dinner date. If abundant time is at your disposal, you can go for a romantic drive as well. The best part is that these girls are sensible when it comes to pleasing and dealing with the clients. You can rely on them without any second thoughts on your mind.\r\n\r\nIt is not only restricted to the guests and other members, if your heart desires you can go on and explore these girls only and only for yourself. In a way it means that there will be no form of disturbance and they will be complete privacy where only both of you will be there. Say for example, you can plan a small weekend somewhere or a short trip where both of you will be only theirs. Here you can go on and explore the real meaning of entertainment. You can take her out on a movie or a dinner date. If abundant time is at your disposal, you can go for a romantic drive as well. The best part is that these girls are sensible when it comes to pleasing and dealing with the clients. You can rely on them without any second thoughts on your mind.\r\n\r\nIt is not only restricted to the guests and other members, if your heart desires you can go on and explore these girls only and only for yourself. In a way it means that there will be no form of disturbance and they will be complete privacy where only both of you will be there. Say for example, you can plan a small weekend somewhere or a short trip where both of you will be only theirs. Here you can go on and explore the real meaning of entertainment. You can take her out on a movie or a dinner date. If abundant time is at your disposal, you can go for a romantic drive as well. The best part is that these girls are sensible when it comes to pleasing and dealing with the clients. You can rely on them without any second thoughts on your mind.\r\n\r\nIt is not only restricted to the guests and other members, if your heart desires you can go on and explore these girls only and only for yourself. In a way it means that there will be no form of disturbance and they will be complete privacy where only both of you will be there. Say for example, you can plan a small weekend somewhere or a short trip where both of you will be only theirs. Here you can go on and explore the real meaning of entertainment. You can take her out on a movie or a dinner date. If abundant time is at your disposal, you can go for a romantic drive as well. The best part is that these girls are sensible when it comes to pleasing and dealing with the clients. You can rely on them without any second thoughts on your mind.', 101, 2707, '8844ee884764cd6dcb6927cf62e4833a.jpg', 1, 1, 30, 0, 1, 0, '2018-08-10 03:46:23', '2018-08-10 03:46:23', '2018-09-09 03:46:23', 0, '0000-00-00 00:00:00', ''),
(14, 'ankitavermas', 'ankitavermas@gmail.com', 'http://www.ankitavermas.com/', 'Mumbai Escorts Service | Independent Call Girls in Mumbai', 'Our website allows you to identify everything you need and to help you with determining which fortunate lady to spend a while with. Take a look through our stunning and sincere images of our excellent standard escorts. In addition to this you can also search through cheap Mumbai escorts images to let you know what you\'re really allowing yourself in for.\r\n\r\nWe provide all the details you need to know such as age, size, break, dress size, hair color and length, tattoo models, smoking cigarettes position, sex and nationality. So you know exactly what to expect!\r\n\r\nWe have a wide variety of lovely females to keep you up, with some of the biggest standard escorts in Mumbai to pick from. From young and fairly to older and delicate, whatever you are looking for in a lady, you\'ll be sure to discover exactly what you need from our selection of fantastic females.\r\n\r\nAnkita Verma Mumbai Escorts is the Place to decide for very good escorts in Mumbai, any time. We can promise to fulfill your needs and supply you with the best lady for several hours, or even 12 hours! Or perhaps you would just like to have a Dinner Date for the moment. Whatever your desire, we aim to cater!', 101, 2707, 'a4b65f308476d2faf9f1fdf1933749a1.jpg', 1, 4, 90, 0, 1, 0, '2018-08-11 12:26:47', '2018-08-11 12:26:47', '2018-11-09 12:26:47', 0, '0000-00-00 00:00:00', ''),
(15, 'hasimamodel', 'hasimamodel@gmai.com', 'http://www.hasimamodel.com/', 'What are the in call and out call services provided by the Indian escorts', 'In call services are those services which are provided by the escorts in their agency. Out call services are provided by the escorts to such clients who hired them for business and professionals tours. In call services will include hand services where escorts use their hand for every kind of work. They touch their main parts again and again so as to give them complete enjoyment and satisfaction. Along with that oral and anal sex facility is provided by them, where they provide this facility by wearing and not wearing the condom. These escorts are experienced in nature who knows how to make clients happy with this kind of service. They are serving the clients from last many decades and still today they render the best services according to the clients requirement which aids in maintain long term relationship with the clients. Sucking and fucking facility is also provided by the escorts where these escorts love to such their main parts again and again which helps the clients in reaching the discharging level. They also want escorts to put their sperm into their mouth when it comes to peak level. Sometimes clients also want to put their sperm on their body and especially on their boobs. These escorts are only hired to provide endless services which make them unique in the crowd. They move out with the clients in business and personal tours where they love to spend the day and night with them. These escorts are Indian who main motive is to make person happy with their services and indirectly it helps in maintaining the relationship with the clients. Along with that, these escorts are also available for bachelors parties where these escorts love to dance and perform nude act in front of the clients which gives them complete satisfaction. When it comes to non-sexual services these clients provides the main services of spa along with erotic massage facility. Erotic massage services are for those clients who are busy in their work and don?t have enough time to take care of themselves. They hire the escorts on regular basis, where they help the clients in removing stress and tension from the body. It makes them energetic through which they can easily take up any kind of work in future. Our agency is best enough to hire the escorts of every class which includes independent escorts in Dubai along with female escorts in Dubai who perform their main role in the area of satisfaction. Thus the services provided by the Indian escorts in Dubai are best and affordable in nature that can easily fill the satisfaction level of the clients. Apart from that if clients are unhappy with the current services then they can go for the new escorts to avail their services. The staff of the agency is best which can easily cater the needs of the clients. In order to avail the services of escorts, clients are having the best option to visit the websites where they will get the full details about the escorts along with their services. Clients can easily make a call to the agency for making the appointment online. Our agency is also best in maintaining the privacy part of the customers where they will not leak any kind of information to outer world. These agencies mostly care for their clients in terms of satisfaction and physical desires which can only received by the services of escorts.', 101, 2707, '62c4343e5a09bc23ce60300e217f4cfd.jpg', 1, 3, 180, 1, 1, 1, '2018-08-11 13:14:30', '2018-08-11 13:14:30', '2019-02-07 13:14:30', 0, '0000-00-00 00:00:00', ''),
(16, 'pickmyad', 'pickmyad@gmail.com', 'http://pickmyad.com/', 'Ut wisi enim ad minim veniam, quis nostrud exerci tation ullamcorper suscipi', 'Ut wisi enim ad minim veniam, quis nostrud exerci tation ullamcorper suscipi Ut wisi enim ad minim veniam, quis nostrud exerci tation ullamcorper suscipi Ut wisi enim ad minim veniam, quis nostrud exerci tation ullamcorper suscipi Ut wisi enim ad minim veniam, quis nostrud exerci tation ullamcorper suscipi Ut wisi enim ad minim veniam, quis nostrud exerci tation ullamcorper suscipi Ut wisi enim ad minim veniam, quis nostrud exerci tation ullamcorper suscipi Ut wisi enim ad minim veniam, quis nostrud exerci tation ullamcorper suscipi Ut wisi enim ad minim veniam, quis nostrud exerci tation ullamcorper suscipi Ut wisi enim ad minim veniam, quis nostrud exerci tation ullamcorper suscipi Ut wisi enim ad minim veniam, quis nostrud exerci tation ullamcorper suscipi Ut wisi enim ad minim veniam, quis nostrud exerci tation ullamcorper suscipi Ut wisi enim ad minim veniam, quis nostrud exerci tation ullamcorper suscipi Ut wisi enim ad minim veniam, quis nostrud exerci tation ullamcorper suscipi', 101, 2707, 'c7dce2fecd613208353314227bbbb1f3.jpg', 1, 1, 60, 1, 1, 1, '2018-08-11 16:01:10', '2018-08-11 16:01:10', '2018-10-10 16:01:10', 1, '2018-08-17 13:04:35', '1234568523');

-- --------------------------------------------------------

--
-- Table structure for table `type`
--

CREATE TABLE `type` (
  `id` int(11) NOT NULL,
  `type` varchar(255) NOT NULL
) ENGINE=InnoDB DEFAULT CHARSET=latin1;

--
-- Dumping data for table `type`
--

INSERT INTO `type` (`id`, `type`) VALUES
(1, 'Independent escort'),
(2, 'Escort agency'),
(3, 'Club'),
(4, 'Escort directory');

--
-- Indexes for dumped tables
--

--
-- Indexes for table `admin`
--
ALTER TABLE `admin`
  ADD PRIMARY KEY (`id`);

--
-- Indexes for table `banner`
--
ALTER TABLE `banner`
  ADD PRIMARY KEY (`id`);

--
-- Indexes for table `banner_offers`
--
ALTER TABLE `banner_offers`
  ADD PRIMARY KEY (`id`);

--
-- Indexes for table `countries`
--
ALTER TABLE `countries`
  ADD PRIMARY KEY (`country_id`);

--
-- Indexes for table `members`
--
ALTER TABLE `members`
  ADD PRIMARY KEY (`id`);

--
-- Indexes for table `payment_category`
--
ALTER TABLE `payment_category`
  ADD PRIMARY KEY (`id`);

--
-- Indexes for table `payment_period`
--
ALTER TABLE `payment_period`
  ADD PRIMARY KEY (`id`);

--
-- Indexes for table `profiles`
--
ALTER TABLE `profiles`
  ADD PRIMARY KEY (`id`);

--
-- Indexes for table `type`
--
ALTER TABLE `type`
  ADD PRIMARY KEY (`id`);

--
-- AUTO_INCREMENT for dumped tables
--

--
-- AUTO_INCREMENT for table `admin`
--
ALTER TABLE `admin`
  MODIFY `id` int(11) NOT NULL AUTO_INCREMENT, AUTO_INCREMENT=2;
--
-- AUTO_INCREMENT for table `banner`
--
ALTER TABLE `banner`
  MODIFY `id` int(11) NOT NULL AUTO_INCREMENT, AUTO_INCREMENT=10;
--
-- AUTO_INCREMENT for table `banner_offers`
--
ALTER TABLE `banner_offers`
  MODIFY `id` int(11) NOT NULL AUTO_INCREMENT, AUTO_INCREMENT=4;
--
-- AUTO_INCREMENT for table `countries`
--
ALTER TABLE `countries`
  MODIFY `country_id` int(11) NOT NULL AUTO_INCREMENT, AUTO_INCREMENT=239;
--
-- AUTO_INCREMENT for table `members`
--
ALTER TABLE `members`
  MODIFY `id` int(11) NOT NULL AUTO_INCREMENT, AUTO_INCREMENT=3;
--
-- AUTO_INCREMENT for table `payment_category`
--
ALTER TABLE `payment_category`
  MODIFY `id` int(11) NOT NULL AUTO_INCREMENT, AUTO_INCREMENT=5;
--
-- AUTO_INCREMENT for table `payment_period`
--
ALTER TABLE `payment_period`
  MODIFY `id` int(11) NOT NULL AUTO_INCREMENT, AUTO_INCREMENT=15;
--
-- AUTO_INCREMENT for table `profiles`
--
ALTER TABLE `profiles`
  MODIFY `id` int(11) NOT NULL AUTO_INCREMENT, AUTO_INCREMENT=17;
--
-- AUTO_INCREMENT for table `type`
--
ALTER TABLE `type`
  MODIFY `id` int(11) NOT NULL AUTO_INCREMENT, AUTO_INCREMENT=5;COMMIT;

/*!40101 SET CHARACTER_SET_CLIENT=@OLD_CHARACTER_SET_CLIENT */;
/*!40101 SET CHARACTER_SET_RESULTS=@OLD_CHARACTER_SET_RESULTS */;
/*!40101 SET COLLATION_CONNECTION=@OLD_COLLATION_CONNECTION */;
